mileage,vehicle_age,engine_temp,oil_temp,battery_voltage,tyre_pressure,brake_pad_thickness,vibration_level,fuel_efficiency,last_service_km,fault_type,risk_level
126958,4,83.1,98.19,12.54,37.03,5.84,1.97,6.64,29693,Service Overdue,Medium
208004,12,84.61,95.22,12.19,32.4,6.77,2.72,6.35,2899,No Fault,Low
61886,4,87.64,96.11,11.82,35.13,5.8,2.21,6.6,27054,Service Overdue,Medium
53555,13,106.82,91.32,12.59,30.42,6.18,2.05,9.79,11805,Engine Overheating,High
83953,4,93.75,103.82,11.9,29.25,8.55,1.96,5.48,9571,No Fault,Low
43044,13,84.96,88.23,12.71,37.09,8.86,1.66,7.04,23662,Service Overdue,Medium
13392,8,84.83,93.88,13.13,30.63,8.9,4.23,8.19,15948,No Fault,Low
144182,14,78.53,99.68,12.77,31.66,5.31,2.35,6.05,25242,Service Overdue,Medium
55015,7,113.07,84.75,12.01,35.27,8.75,4.79,9.93,23299,Engine Overheating,High
48585,10,98.59,100.01,12.98,34.77,7.63,3.87,7.76,16707,No Fault,Low
158048,7,89.93,99.61,11.73,30.94,7.25,1.25,10.42,14545,Battery Risk,High
132659,8,90.77,93.39,12.6,39.66,7.35,2.76,7.39,18675,Tyre Pressure Issue,Medium
57733,7,76.65,94.73,12.43,41.39,6.62,2.8,7.45,6791,Tyre Pressure Issue,Medium
162381,7,82.65,106.43,12.78,36.37,5.18,3.9,5.4,1197,No Fault,Low
94045,11,96.1,100.43,12.41,30.41,8.58,2.93,5.85,26945,Service Overdue,Medium
39754,3,86.54,87.8,12.27,33.57,8.23,3.75,7.6,2802,No Fault,Low
13155,9,89.15,100.56,12.92,35.58,9.73,5.04,7.01,29299,Service Overdue,Medium
25932,5,90.35,93.53,12.49,36.89,4.87,2.61,7.66,23581,Service Overdue,Medium
131071,1,86.56,97.32,12.55,31.86,10.73,2.97,5.71,25736,Service Overdue,Medium
43467,1,97.25,81.7,12.39,38.03,5.53,1.54,9.16,28311,Service Overdue,Medium
206163,11,81.04,87.28,12.84,33.28,9.42,3.04,11.6,10151,No Fault,Low
141672,5,92.75,94.95,11.61,38.44,7.79,0.72,7.14,11757,No Fault,Low
183274,12,95.79,94.27,11.98,29.46,6.11,3.36,7.82,23238,Service Overdue,Medium
159165,10,82.03,101.35,11.86,30.08,5.5,1.47,5.73,28751,Service Overdue,Medium
110864,11,95.6,112.79,12.07,28.92,8.31,1.06,5.73,13039,Tyre Pressure Issue,Medium
11655,14,95.96,97.32,12.49,30.54,4.0,2.67,6.22,1853,No Fault,Low
123834,9,93.2,96.41,12.58,28.36,8.93,1.99,9.32,26567,Tyre Pressure Issue,Medium
192251,14,90.79,116.44,12.72,27.92,7.37,1.84,8.78,29251,Engine Overheating,High
108481,7,86.14,89.22,12.33,31.62,6.26,2.66,7.33,14407,No Fault,Low
143877,6,98.65,104.45,13.03,35.13,10.3,1.17,10.27,20531,Service Overdue,Medium
72215,3,90.1,113.72,12.39,31.2,4.41,2.39,4.51,24049,Service Overdue,Medium
215677,5,81.6,91.76,12.66,43.56,7.17,3.47,9.82,25911,Tyre Pressure Issue,Medium
109182,2,92.56,91.15,12.46,35.99,10.17,1.26,10.7,23116,Service Overdue,Medium
108691,3,76.38,100.01,12.93,31.99,5.26,1.95,5.6,28122,Service Overdue,Medium
128633,3,101.84,82.09,13.18,31.06,4.52,1.68,10.43,6745,No Fault,Low
162164,11,91.68,98.62,12.69,32.11,8.75,3.05,6.43,15527,No Fault,Low
119352,3,77.7,82.79,12.07,37.49,10.11,2.06,6.89,14584,No Fault,Low
115448,14,94.09,70.43,12.36,32.23,6.4,2.09,8.98,27395,Service Overdue,Medium
218709,4,107.3,105.65,11.5,32.66,9.41,1.3,8.66,28192,Engine Overheating,High
6062,13,97.34,98.25,13.24,36.67,7.99,2.56,7.59,22677,Service Overdue,Medium
182804,8,88.23,97.32,11.68,29.78,5.56,2.29,7.97,21570,Battery Risk,High
30289,10,103.8,87.76,11.46,32.28,4.02,4.09,8.21,26031,Battery Risk,High
149188,9,98.72,106.33,12.13,29.74,5.31,2.45,3.65,3105,No Fault,Low
41395,13,101.14,95.7,12.89,35.42,7.11,4.78,8.11,6645,No Fault,Low
57638,1,101.6,113.16,12.34,36.93,4.09,3.28,7.26,20129,Service Overdue,Medium
110787,2,81.16,87.02,11.73,33.03,3.68,4.23,5.26,18308,No Fault,Low
32532,14,105.48,77.7,12.47,37.11,6.38,1.33,7.34,14550,Engine Overheating,High
117816,11,104.22,77.87,13.08,33.66,9.48,0.91,6.6,9175,No Fault,Low
183998,6,94.74,114.12,12.56,34.58,10.19,3.1,6.53,16444,No Fault,Low
192469,9,102.85,81.31,12.67,37.18,10.08,1.67,7.04,15489,No Fault,Low
194089,6,92.92,110.51,12.48,37.46,9.05,2.67,5.97,20758,Service Overdue,Medium
20254,5,89.85,109.89,12.84,32.7,6.32,0.77,9.67,24386,Service Overdue,Medium
197958,2,93.6,73.29,12.16,38.0,8.96,2.83,7.48,20963,Service Overdue,Medium
60123,8,98.37,96.28,12.16,30.56,5.8,0.68,8.87,7254,No Fault,Low
153216,7,94.93,85.6,12.14,30.82,6.87,3.46,6.02,24161,Service Overdue,Medium
147386,3,96.03,89.97,12.92,33.29,6.85,4.18,11.07,17907,No Fault,Low
154849,14,92.46,72.17,12.35,34.13,8.03,3.7,8.78,15178,No Fault,Low
55428,4,87.04,89.53,11.79,41.12,6.38,1.87,4.21,17748,Tyre Pressure Issue,Medium
110113,14,98.93,99.71,12.22,36.71,5.26,2.27,6.34,2062,No Fault,Low
55448,7,96.61,95.75,11.96,31.89,4.61,0.32,6.91,17616,No Fault,Low
130036,2,92.62,86.39,13.16,35.62,4.93,2.31,6.19,22785,Service Overdue,Medium
53447,2,80.94,94.89,11.58,35.49,6.61,2.29,4.08,12613,No Fault,Low
192210,14,85.37,89.55,11.15,36.05,7.78,2.42,7.86,28504,Battery Risk,High
117221,8,94.19,103.16,12.68,34.86,10.57,3.74,7.37,7469,No Fault,Low
166177,6,84.72,101.39,12.51,39.13,8.97,3.26,7.52,7988,Tyre Pressure Issue,Medium
52362,1,84.99,87.52,11.33,39.99,10.97,3.13,5.98,2619,Tyre Pressure Issue,Medium
13512,5,111.12,88.96,12.29,34.48,7.9,3.14,8.53,4530,Engine Overheating,High
206864,2,90.84,99.88,13.19,33.64,7.23,1.91,8.38,24325,Service Overdue,Medium
91740,5,96.35,105.35,11.3,35.08,6.46,3.45,7.12,29173,Service Overdue,Medium
44711,3,102.41,102.08,13.5,39.99,3.84,1.29,5.08,21417,Tyre Pressure Issue,Medium
154453,5,93.88,102.71,11.66,37.43,7.68,2.08,8.45,10446,No Fault,Low
136994,4,110.17,104.7,12.76,32.94,6.15,2.45,10.26,19249,Engine Overheating,High
179944,6,102.3,90.55,12.19,32.34,8.93,3.47,9.58,1793,No Fault,Low
129714,11,100.07,84.42,12.14,34.51,8.67,1.61,4.01,11541,No Fault,Low
95474,12,89.85,90.6,12.72,38.69,9.41,3.17,6.56,21530,Service Overdue,Medium
180399,9,90.53,94.1,12.79,41.62,8.05,1.91,7.3,25777,Tyre Pressure Issue,Medium
44224,5,84.68,97.46,12.93,33.26,6.87,3.31,8.76,7783,No Fault,Low
46914,12,91.69,93.09,12.56,30.42,7.55,1.78,8.86,20097,Service Overdue,Medium
146467,2,83.86,100.17,12.0,33.51,7.0,2.66,6.48,27838,Service Overdue,Medium
138554,11,93.19,89.33,12.96,40.77,5.85,3.59,6.91,24570,Tyre Pressure Issue,Medium
154521,1,89.96,110.04,11.07,37.27,9.49,0.43,6.99,13342,No Fault,Low
45806,3,89.03,80.92,12.01,30.67,10.5,3.44,9.41,18216,No Fault,Low
115904,7,85.84,88.76,13.69,34.45,8.63,0.62,7.71,14575,No Fault,Low
69929,3,99.83,103.14,11.93,34.7,7.51,4.15,5.99,23996,Service Overdue,Medium
91925,7,78.64,112.65,11.78,31.55,9.63,0.75,8.63,14221,Battery Risk,High
137351,14,80.7,104.5,12.22,32.93,7.51,2.78,7.56,17086,No Fault,Low
173671,1,110.23,67.16,12.83,37.17,4.28,2.03,6.0,24193,Engine Overheating,High
212980,2,106.83,78.7,12.68,40.02,8.44,2.03,8.29,9041,Engine Overheating,High
21725,5,84.81,85.9,11.95,36.53,6.8,4.8,9.28,4028,No Fault,Low
94563,14,94.06,88.75,12.41,35.55,5.55,2.69,6.37,14081,No Fault,Low
58276,5,90.2,107.08,12.52,35.3,8.08,2.63,8.28,23596,Service Overdue,Medium
157864,10,91.05,89.24,12.46,41.68,6.81,3.65,6.45,2524,Tyre Pressure Issue,Medium
105424,9,83.63,77.19,12.78,38.8,5.41,2.42,7.04,17314,No Fault,Low
74626,1,86.73,81.81,12.29,37.19,7.24,3.32,8.43,2750,No Fault,Low
190828,6,92.32,95.11,12.53,36.2,6.43,2.62,7.03,5806,No Fault,Low
111896,7,92.93,82.49,13.7,31.8,6.28,1.68,8.42,9007,No Fault,Low
219513,11,91.68,101.82,12.41,34.09,8.88,1.98,7.64,24522,Service Overdue,Medium
40435,12,88.3,105.19,12.37,26.41,9.6,3.94,4.64,29535,Tyre Pressure Issue,Medium
11640,4,86.8,105.44,12.83,34.85,4.3,3.09,8.57,4810,No Fault,Low
101122,7,92.38,120.98,12.07,31.97,3.96,2.23,6.5,21819,Engine Overheating,High
148748,1,88.64,92.18,11.73,31.24,4.99,1.73,7.45,16152,No Fault,Low
127744,8,93.87,88.51,12.8,34.82,7.1,2.74,8.89,2868,No Fault,Low
216169,9,91.22,95.54,12.97,33.01,8.24,2.0,6.88,11745,No Fault,Low
191626,8,91.17,90.04,12.32,32.88,4.65,3.3,9.07,15551,No Fault,Low
160650,3,86.36,87.96,13.58,36.81,5.32,2.66,6.96,26563,Service Overdue,Medium
70160,3,96.67,100.43,12.94,31.45,7.21,0.75,5.61,15663,No Fault,Low
157826,5,92.36,88.69,12.85,34.11,10.73,3.32,9.16,2312,No Fault,Low
129165,8,93.06,100.91,12.95,36.46,8.01,3.57,9.25,21670,Service Overdue,Medium
74274,6,93.56,93.41,12.38,35.67,5.92,3.14,9.85,27123,Service Overdue,Medium
169134,2,94.74,103.18,11.66,34.07,7.18,3.25,5.47,2007,No Fault,Low
207053,3,94.0,110.77,12.35,34.84,8.22,2.69,6.83,15527,No Fault,Low
186264,12,93.55,96.33,12.05,37.59,3.95,1.94,8.07,3428,No Fault,Low
32083,7,101.09,90.43,12.34,30.33,7.18,3.67,6.69,19207,No Fault,Low
196617,14,99.02,90.16,12.22,28.46,5.87,3.66,6.11,12425,Tyre Pressure Issue,Medium
138052,3,92.59,92.71,12.88,32.97,8.01,2.47,7.9,4380,No Fault,Low
144783,11,90.16,99.6,12.7,31.17,7.65,3.75,8.24,4224,No Fault,Low
52837,14,105.1,110.01,12.58,29.26,5.85,2.04,5.51,3433,Engine Overheating,High
59615,8,101.24,90.54,11.46,32.64,2.15,0.92,8.64,22804,Battery Risk,High
177760,1,99.52,103.46,12.24,34.14,4.05,2.41,9.28,29913,Service Overdue,Medium
199555,1,86.71,86.24,12.42,33.19,6.83,2.32,6.4,11433,No Fault,Low
217133,7,97.06,85.21,12.58,34.4,10.4,3.88,5.2,26291,Service Overdue,Medium
107215,2,98.89,107.65,12.68,32.99,11.83,3.15,10.46,12653,No Fault,Low
164033,6,108.6,88.11,13.27,34.59,5.7,2.02,7.02,21022,Engine Overheating,High
128629,4,95.39,100.71,12.59,32.31,6.84,1.19,9.3,25887,Service Overdue,Medium
7920,11,82.98,100.64,12.15,34.63,9.18,2.39,8.9,9595,No Fault,Low
183980,4,98.99,103.74,12.78,43.31,7.69,5.09,8.12,26849,Tyre Pressure Issue,Medium
167932,2,100.63,94.61,12.31,36.65,8.3,0.92,9.71,20342,Service Overdue,Medium
62056,3,103.04,90.24,13.09,38.98,9.55,2.73,4.01,27916,Service Overdue,Medium
69324,6,78.8,94.5,12.32,37.19,2.53,2.74,5.77,28514,Brake Wear,High
66272,9,94.55,105.47,12.25,34.05,6.81,0.88,9.82,24446,Service Overdue,Medium
123154,10,75.24,97.54,12.27,37.7,8.3,1.11,6.24,7099,No Fault,Low
112803,9,96.17,78.63,13.0,38.48,7.36,2.03,10.19,18774,No Fault,Low
203350,6,89.93,93.04,12.36,33.89,8.46,2.55,8.6,7980,No Fault,Low
165928,1,91.35,112.16,12.79,32.56,2.09,0.96,8.26,7570,Brake Wear,High
73785,7,85.03,99.03,11.93,35.93,7.55,1.85,9.11,13373,No Fault,Low
53320,7,90.69,94.48,12.5,34.55,7.33,2.1,7.92,5440,No Fault,Low
59061,4,83.39,101.68,11.86,38.89,5.46,2.8,9.01,28208,Service Overdue,Medium
123516,13,89.98,88.96,12.24,37.67,8.39,2.39,8.65,4553,No Fault,Low
78297,13,89.62,108.76,12.32,34.38,6.65,2.52,5.86,5806,No Fault,Low
105494,5,80.48,103.75,11.32,37.19,11.49,2.2,7.45,12530,No Fault,Low
212815,14,102.15,101.98,13.97,34.1,3.74,2.67,3.88,27966,Service Overdue,Medium
217781,2,87.74,96.79,13.31,33.19,9.52,2.63,8.07,5146,No Fault,Low
115350,4,90.49,100.53,12.38,31.15,5.26,1.52,8.96,24695,Service Overdue,Medium
119793,4,87.06,87.83,13.18,30.82,7.13,2.83,8.09,4654,No Fault,Low
23743,1,79.26,99.4,12.39,35.66,7.45,3.86,7.69,12130,No Fault,Low
93204,7,88.56,97.47,13.53,37.98,7.84,1.44,8.22,6752,No Fault,Low
80388,10,89.8,102.51,12.77,31.9,8.61,1.94,10.23,1145,No Fault,Low
86571,10,85.37,117.23,11.78,35.57,5.53,2.15,8.18,17336,Battery Risk,High
177693,5,101.8,111.23,11.63,34.8,9.92,0.81,7.97,15114,No Fault,Low
9358,5,91.98,88.82,13.35,39.13,6.17,2.89,9.31,2125,Tyre Pressure Issue,Medium
81329,7,86.01,103.68,12.97,39.15,3.63,1.25,9.24,19188,Tyre Pressure Issue,Medium
77240,12,79.59,97.34,11.62,34.99,8.67,0.51,8.06,8426,Battery Risk,High
79069,6,90.85,89.71,11.42,32.11,5.35,2.66,7.67,4374,Battery Risk,High
30592,7,95.02,85.85,12.44,38.75,6.39,3.81,5.68,8123,No Fault,Low
146826,14,87.73,80.93,12.44,36.34,7.15,3.73,6.38,27342,Service Overdue,Medium
9895,1,93.8,96.55,13.63,33.13,6.18,1.34,5.19,3817,No Fault,Low
35682,9,77.31,100.08,11.85,27.54,7.78,4.99,7.49,5437,Tyre Pressure Issue,Medium
207043,5,98.71,95.26,11.17,36.66,2.41,3.98,9.13,13265,Brake Wear,High
68133,14,96.55,101.0,12.15,33.29,4.62,2.15,5.95,6907,No Fault,Low
191321,10,102.5,92.75,12.5,41.39,6.4,1.85,8.29,12138,Tyre Pressure Issue,Medium
171370,9,96.08,104.98,12.37,30.84,3.84,2.54,7.86,9734,No Fault,Low
169685,4,84.24,85.61,12.33,30.37,8.2,4.03,9.33,7610,No Fault,Low
208038,3,81.35,97.78,12.36,29.56,8.29,3.87,6.6,13168,No Fault,Low
165866,5,78.07,91.33,12.05,34.91,5.74,2.52,6.41,2638,No Fault,Low
59823,1,86.14,87.98,12.65,30.92,7.94,3.23,6.85,1767,No Fault,Low
187268,3,102.62,83.3,11.5,35.62,8.52,1.92,3.61,19677,No Fault,Low
209366,5,87.63,98.92,11.66,34.55,6.97,3.08,7.68,5798,No Fault,Low
27420,4,84.22,88.13,12.17,36.2,4.52,2.94,9.31,20877,Service Overdue,Medium
191388,10,86.65,105.4,12.1,39.48,8.36,2.01,10.74,28425,Tyre Pressure Issue,Medium
164674,6,87.15,108.02,13.18,34.1,5.49,2.96,6.48,23614,Service Overdue,Medium
178063,13,100.74,100.75,11.18,34.56,7.47,2.48,6.58,28065,Battery Risk,High
34956,5,101.56,106.86,12.76,36.99,5.49,1.08,9.75,28569,Service Overdue,Medium
213432,4,102.63,100.56,12.63,40.5,5.71,3.43,7.59,10908,Tyre Pressure Issue,Medium
44071,12,94.15,97.3,11.95,33.28,5.44,0.33,8.96,12889,No Fault,Low
97949,4,88.13,91.69,12.51,33.51,4.32,3.41,7.96,11736,No Fault,Low
42643,9,94.13,116.29,12.74,35.12,10.2,3.62,6.3,26944,Engine Overheating,High
48541,12,95.2,88.49,12.14,35.76,9.48,2.52,7.96,2724,No Fault,Low
71912,8,105.62,86.41,12.52,37.01,7.41,1.31,7.15,24737,Engine Overheating,High
201167,1,96.31,98.42,11.97,32.14,7.68,3.32,9.15,7445,No Fault,Low
85102,11,85.14,89.85,11.84,34.83,9.91,1.05,5.84,2778,No Fault,Low
10110,6,85.46,74.06,12.69,35.02,3.6,3.96,10.02,28028,Service Overdue,Medium
85073,6,85.99,91.06,12.19,29.67,3.68,2.53,9.11,4586,No Fault,Low
152159,5,104.34,115.06,13.43,37.63,9.05,3.09,8.67,13080,Engine Overheating,High
73926,14,87.59,99.55,11.99,35.66,6.01,0.2,8.05,6469,No Fault,Low
33854,1,85.25,93.65,12.64,29.9,7.38,3.08,10.29,19394,No Fault,Low
166326,14,83.39,103.5,12.84,35.07,7.1,3.01,6.22,11077,No Fault,Low
142469,6,93.13,77.32,12.56,33.56,6.07,0.91,8.27,16433,No Fault,Low
161351,5,87.74,104.09,13.11,34.3,7.29,2.04,6.98,8736,No Fault,Low
143782,4,94.83,96.22,11.91,31.32,7.71,2.28,6.24,28829,Service Overdue,Medium
145905,9,84.62,89.74,12.39,34.3,4.74,0.74,5.96,26998,Service Overdue,Medium
150361,8,83.5,96.38,12.27,36.78,7.97,3.06,7.34,23548,Service Overdue,Medium
33228,3,110.84,86.62,12.71,30.19,4.85,1.89,9.94,16352,Engine Overheating,High
134350,6,100.14,121.63,12.25,34.46,7.76,4.31,7.38,4648,Engine Overheating,High
184017,5,85.37,99.04,11.96,33.4,6.72,2.38,9.18,4750,No Fault,Low
98269,12,92.17,87.72,12.31,38.12,5.71,1.7,6.78,14171,No Fault,Low
167005,8,84.37,98.58,11.98,32.51,5.62,2.59,8.46,21251,Service Overdue,Medium
176033,1,99.06,94.22,12.31,43.58,7.6,1.75,6.86,7852,Tyre Pressure Issue,Medium
138623,12,101.19,76.69,12.5,35.09,9.74,3.69,8.31,22038,Service Overdue,Medium
176918,14,82.25,96.18,12.89,35.97,8.67,2.07,7.1,5135,No Fault,Low
142701,1,95.87,90.74,12.44,38.07,5.41,1.95,8.92,8133,No Fault,Low
16205,14,92.19,109.12,12.36,35.36,4.88,2.93,7.22,9438,No Fault,Low
25095,11,99.89,88.97,12.54,32.43,4.49,2.98,7.15,1645,No Fault,Low
167002,12,89.57,75.45,12.32,37.92,6.82,0.26,6.75,10177,No Fault,Low
74615,5,99.94,89.02,13.22,34.75,7.84,2.95,5.68,19710,No Fault,Low
81975,6,98.37,101.19,12.16,36.0,6.36,1.82,8.2,23528,Service Overdue,Medium
26447,7,83.95,103.71,11.73,34.38,10.88,1.5,6.48,7370,Battery Risk,High
145600,5,103.66,89.84,12.3,34.9,7.56,3.25,6.93,7701,No Fault,Low
138669,14,82.89,96.41,12.95,34.76,6.87,2.31,6.09,9472,No Fault,Low
159455,14,90.23,99.22,12.18,36.25,7.39,2.82,8.83,18915,No Fault,Low
83610,4,87.79,98.4,12.08,31.27,7.18,0.61,7.06,19146,No Fault,Low
147312,11,97.24,110.28,12.22,36.38,8.12,4.75,6.74,27891,Suspension/Vibration Issue,Medium
190378,11,98.36,87.66,12.42,35.04,9.33,2.77,8.46,10168,No Fault,Low
54879,1,83.04,93.9,11.91,32.59,9.86,2.23,9.6,11587,No Fault,Low
167331,4,100.87,92.43,11.2,35.27,7.29,3.98,8.42,10984,No Fault,Low
168399,7,99.25,92.85,12.8,34.62,6.63,0.91,5.38,9333,No Fault,Low
10410,13,71.25,119.84,12.05,37.48,7.24,2.02,8.66,17724,Engine Overheating,High
8828,1,88.06,81.57,12.11,36.56,7.26,3.83,7.79,23054,Service Overdue,Medium
75028,11,99.94,94.36,12.1,38.44,5.58,2.84,8.65,10324,No Fault,Low
208196,1,88.14,96.47,13.21,36.69,6.46,1.61,4.27,2774,No Fault,Low
15651,8,86.25,93.69,12.44,33.33,5.7,2.67,8.16,21584,Service Overdue,Medium
119889,2,93.86,104.14,11.83,34.02,7.9,1.43,7.81,1386,No Fault,Low
142103,14,105.49,78.03,12.08,42.03,6.03,0.54,8.6,8446,Engine Overheating,High
55583,9,90.65,88.52,12.25,37.25,7.16,1.7,7.89,29011,Service Overdue,Medium
178921,3,100.41,116.91,11.71,32.92,7.46,2.23,7.39,21384,Engine Overheating,High
181806,2,89.97,82.86,11.92,32.71,7.1,2.34,5.38,14790,No Fault,Low
147810,14,101.71,86.34,12.5,34.32,9.39,2.77,9.24,16845,No Fault,Low
100040,4,83.08,95.98,12.34,33.53,6.7,3.24,5.09,23652,Service Overdue,Medium
120598,5,84.8,100.61,12.25,36.09,6.33,3.67,8.05,19800,No Fault,Low
30372,13,83.4,98.3,13.72,28.58,5.97,1.82,6.85,10569,Tyre Pressure Issue,Medium
131060,3,100.16,95.3,11.74,30.66,8.49,2.67,9.39,20840,Service Overdue,Medium
104931,8,87.82,100.65,12.76,36.57,4.9,1.3,7.22,26574,Service Overdue,Medium
155023,12,103.52,99.55,12.78,38.99,10.12,1.91,4.35,11485,No Fault,Low
164380,6,89.11,97.8,12.07,36.62,6.75,1.33,7.48,13869,No Fault,Low
208774,7,95.12,80.52,11.98,35.92,5.55,2.74,3.87,3808,No Fault,Low
109946,2,96.29,98.07,11.3,28.86,10.04,4.2,7.34,28134,Tyre Pressure Issue,Medium
53456,8,103.12,93.05,12.97,35.78,1.12,3.16,7.79,20151,Brake Wear,High
104441,6,100.99,104.48,12.01,35.22,5.06,1.12,6.56,18079,No Fault,Low
63653,9,98.9,93.76,12.22,32.16,7.38,2.97,8.23,9448,No Fault,Low
156203,3,85.86,97.12,11.99,33.93,3.72,0.87,7.21,25322,Service Overdue,Medium
46869,12,87.61,112.25,12.74,35.17,8.59,2.36,5.07,7465,No Fault,Low
116041,10,79.14,87.37,12.02,31.18,8.66,2.31,7.1,3368,No Fault,Low
134936,9,75.97,90.94,11.71,31.89,8.17,3.18,8.11,24625,Battery Risk,High
216977,4,86.81,96.89,11.85,36.35,8.69,3.06,7.85,24230,Service Overdue,Medium
89227,13,102.96,97.26,12.61,30.63,6.35,1.54,8.9,16920,No Fault,Low
94678,9,92.0,94.91,12.24,34.47,8.65,1.63,6.51,20008,Service Overdue,Medium
207346,3,89.57,105.7,12.49,36.58,7.3,2.39,8.46,9389,No Fault,Low
184767,12,86.01,98.42,12.44,32.34,5.32,2.91,8.33,26504,Service Overdue,Medium
103826,1,89.12,98.98,12.48,33.44,3.52,2.5,6.04,16206,No Fault,Low
155043,9,84.03,94.38,13.04,35.89,7.44,1.17,9.93,21808,Service Overdue,Medium
57389,11,87.03,103.38,13.05,35.94,8.51,2.4,6.85,26351,Service Overdue,Medium
127118,4,85.04,106.25,11.81,38.93,5.2,3.14,7.01,15562,No Fault,Low
209088,1,96.83,95.41,11.9,36.22,5.97,2.27,6.01,25472,Service Overdue,Medium
187885,1,89.96,99.44,12.71,35.1,6.78,2.01,7.1,12023,No Fault,Low
148022,1,104.52,99.38,12.41,36.02,8.18,2.15,6.64,21447,Service Overdue,Medium
35431,5,101.95,86.77,12.71,30.32,10.54,4.34,8.39,24779,Service Overdue,Medium
69110,3,107.93,101.7,12.74,27.18,5.13,2.1,7.23,9680,Engine Overheating,High
7204,2,87.04,119.07,12.49,32.67,7.3,2.53,7.78,10171,Engine Overheating,High
214329,11,79.25,82.4,12.09,32.87,6.36,3.78,8.34,24852,Service Overdue,Medium
111956,5,99.23,95.61,12.62,30.9,9.49,1.6,6.44,22165,Service Overdue,Medium
41081,10,92.5,86.65,13.44,29.18,7.37,4.52,7.51,28076,Service Overdue,Medium
200877,14,90.56,108.73,11.29,38.6,4.15,2.23,6.86,10797,Battery Risk,High
33328,4,96.71,79.02,12.63,40.07,4.27,2.69,6.51,26859,Tyre Pressure Issue,Medium
202227,3,85.42,108.17,11.98,38.75,9.1,2.18,6.41,24360,Service Overdue,Medium
192818,7,100.38,100.62,12.61,37.41,7.7,1.95,9.4,16515,No Fault,Low
172849,11,92.48,81.77,12.1,36.28,5.89,1.04,12.74,21806,Service Overdue,Medium
90744,3,80.29,109.2,12.1,28.4,9.02,1.82,8.69,11195,Tyre Pressure Issue,Medium
218684,11,101.01,92.26,12.64,35.97,7.88,1.64,6.95,24807,Service Overdue,Medium
132626,8,80.31,100.49,13.72,31.58,8.92,3.28,7.06,7297,No Fault,Low
181679,5,103.29,90.95,12.22,23.59,7.82,1.17,6.67,17998,Tyre Pressure Issue,Medium
149941,12,83.79,81.19,13.09,36.03,6.27,1.6,7.37,12546,No Fault,Low
50095,13,99.2,102.45,12.93,32.56,1.15,3.75,7.25,5276,Brake Wear,High
193221,9,97.33,88.24,12.42,30.74,4.83,3.18,5.78,28374,Service Overdue,Medium
162636,13,78.19,88.22,13.0,31.06,6.07,2.96,8.68,21195,Service Overdue,Medium
131479,8,89.99,97.54,13.18,32.94,4.92,4.0,6.74,15367,No Fault,Low
107842,2,95.35,109.02,12.73,29.49,9.1,1.5,6.92,6310,No Fault,Low
178784,3,94.0,101.07,12.31,35.6,8.78,2.18,10.19,20456,Service Overdue,Medium
96118,7,90.36,94.32,12.72,30.66,8.47,3.64,9.95,13112,No Fault,Low
110410,10,74.85,99.54,12.13,31.86,9.89,2.44,8.18,15211,No Fault,Low
93791,11,107.06,95.1,13.54,39.78,3.44,1.85,5.94,16599,Brake Wear,High
72391,14,91.61,73.47,12.95,32.56,5.27,3.19,6.91,18266,No Fault,Low
132815,7,95.41,93.17,11.73,36.05,6.22,2.08,7.42,27500,Battery Risk,High
152595,1,90.08,93.88,12.75,34.79,8.9,1.77,5.58,17433,No Fault,Low
123639,9,83.07,107.36,12.32,32.36,7.32,3.0,9.18,10741,No Fault,Low
109245,13,103.59,92.06,12.14,32.48,3.66,1.17,7.62,17901,No Fault,Low
100556,12,104.11,88.87,12.08,39.1,4.78,0.84,6.26,15114,Tyre Pressure Issue,Medium
177239,2,86.7,104.48,11.76,34.26,7.79,2.42,7.78,14237,No Fault,Low
200691,3,103.99,107.48,12.99,37.04,3.85,3.43,8.48,8619,No Fault,Low
79816,3,79.71,92.85,12.54,38.99,8.45,1.64,10.04,28504,Service Overdue,Medium
178123,7,89.38,78.76,12.35,35.49,6.23,2.92,6.2,8674,No Fault,Low
55516,9,90.87,78.95,12.18,39.03,6.02,2.52,7.37,13048,Tyre Pressure Issue,Medium
9138,9,101.76,105.36,12.69,30.61,5.05,0.62,8.19,2551,No Fault,Low
148697,14,81.2,100.0,12.64,34.23,8.49,2.98,5.64,2014,No Fault,Low
15103,11,85.89,95.38,12.74,33.37,9.15,4.86,6.32,27293,Service Overdue,Medium
97708,9,80.95,104.99,12.28,37.16,7.87,5.76,7.42,6738,No Fault,Low
10668,12,92.02,67.98,12.63,38.03,7.79,1.19,6.3,27711,Service Overdue,Medium
209611,12,72.56,97.52,12.21,39.25,4.96,1.8,6.76,6103,Tyre Pressure Issue,Medium
30500,5,98.85,104.58,12.3,37.8,6.79,3.28,5.07,1060,No Fault,Low
131270,10,94.83,99.82,12.67,35.65,6.49,2.37,7.99,7121,No Fault,Low
202808,10,84.79,87.33,12.72,33.14,7.62,0.34,7.93,7219,No Fault,Low
21322,14,93.74,115.57,11.83,35.42,5.15,3.06,6.12,19031,Engine Overheating,High
190388,1,96.96,99.11,13.13,34.48,7.75,0.66,6.02,8081,No Fault,Low
46458,14,77.74,98.14,11.96,31.08,7.42,1.83,5.97,3294,No Fault,Low
74166,6,85.07,82.74,12.62,38.67,6.92,2.72,8.3,3242,No Fault,Low
85201,8,94.93,86.32,12.67,26.09,7.01,2.83,8.89,13207,Tyre Pressure Issue,Medium
201846,13,91.66,114.31,12.35,36.17,7.02,2.9,7.94,16810,No Fault,Low
141198,10,88.6,68.15,12.53,33.86,5.47,4.53,8.94,11655,Suspension/Vibration Issue,Medium
183969,12,94.8,100.77,12.93,36.46,9.13,2.4,6.98,7773,No Fault,Low
100430,14,89.8,108.32,12.42,32.75,1.94,2.46,7.2,3104,Brake Wear,High
47215,2,91.66,95.58,12.82,27.26,5.79,2.71,9.3,3382,Tyre Pressure Issue,Medium
185755,13,88.06,76.23,12.71,32.09,4.62,1.88,7.22,28197,Service Overdue,Medium
132619,11,88.38,93.7,12.69,33.39,9.22,2.1,6.92,1670,No Fault,Low
153961,13,100.42,78.4,13.31,37.62,12.5,3.84,5.81,12763,No Fault,Low
25176,3,100.59,110.26,12.04,35.59,7.3,2.38,8.03,11966,No Fault,Low
22374,3,93.74,109.69,12.22,34.41,9.32,1.71,9.09,4516,No Fault,Low
123028,11,85.22,88.48,11.86,31.65,6.26,1.09,7.52,4278,No Fault,Low
26839,1,99.22,84.6,12.52,28.55,2.85,2.42,8.32,15397,Brake Wear,High
164525,9,92.79,94.47,11.69,37.32,5.37,1.89,5.98,20299,Battery Risk,High
163598,6,97.61,93.43,13.05,36.22,8.63,2.09,6.74,4748,No Fault,Low
122269,6,99.48,92.96,12.62,37.33,7.75,2.97,5.46,12767,No Fault,Low
152175,13,89.42,113.97,12.04,34.7,6.23,3.09,8.84,6669,No Fault,Low
40503,11,98.05,101.12,11.89,33.27,6.92,2.37,8.0,15334,No Fault,Low
99715,5,103.45,101.22,13.06,35.16,9.18,4.51,9.04,28772,Service Overdue,Medium
101393,3,93.16,95.24,12.22,38.69,5.36,4.03,8.25,23423,Service Overdue,Medium
169490,14,80.81,108.9,11.65,32.46,11.44,2.2,3.11,6232,Battery Risk,High
203825,4,92.05,102.15,12.87,32.94,5.96,2.65,7.77,19889,No Fault,Low
5917,3,92.43,102.5,12.7,29.99,6.22,2.59,6.7,13380,No Fault,Low
64821,14,93.35,90.99,11.4,27.85,8.18,2.77,8.16,5108,Battery Risk,High
24404,2,93.08,78.45,12.67,34.45,8.53,0.76,9.17,12413,No Fault,Low
19995,8,93.65,102.38,12.81,30.77,7.08,5.06,9.32,4327,No Fault,Low
125318,9,87.97,97.53,12.81,33.9,7.91,1.98,7.21,6750,No Fault,Low
118931,1,97.84,98.15,12.65,28.46,6.21,3.87,7.36,5145,Tyre Pressure Issue,Medium
37101,8,81.82,77.98,12.17,32.16,9.1,1.49,6.36,10275,No Fault,Low
87569,7,80.68,82.0,12.83,38.5,6.85,1.28,6.44,27519,Service Overdue,Medium
159978,12,100.06,94.05,11.51,33.76,5.33,3.42,6.68,11345,Battery Risk,High
126015,2,105.91,91.79,13.32,36.44,7.96,2.87,8.09,22158,Engine Overheating,High
48856,9,76.58,69.57,13.39,36.24,10.91,3.59,9.44,1226,No Fault,Low
156599,2,94.99,87.91,12.62,26.12,7.09,3.84,7.64,1269,Tyre Pressure Issue,Medium
137702,6,105.82,97.96,11.64,38.43,4.66,2.72,5.85,25795,Battery Risk,High
86972,14,91.76,106.73,12.82,33.41,9.76,4.37,4.43,27629,Service Overdue,Medium
161877,3,99.46,107.38,11.96,28.44,8.67,2.64,5.0,14907,Tyre Pressure Issue,Medium
156014,6,97.36,108.66,12.11,34.39,4.36,1.89,8.08,19380,No Fault,Low
118936,8,78.68,103.29,12.39,32.03,5.53,2.43,8.83,27096,Service Overdue,Medium
76128,13,91.64,82.86,13.37,29.8,9.34,2.13,6.6,28559,Service Overdue,Medium
77307,9,83.12,110.34,12.31,34.92,5.18,3.22,6.82,3696,No Fault,Low
39485,1,97.19,102.57,12.08,30.63,10.06,2.31,7.84,4303,No Fault,Low
57265,14,95.88,95.99,12.08,30.53,8.21,3.63,7.77,25999,Service Overdue,Medium
33054,8,86.88,93.34,13.17,34.41,5.59,1.3,8.26,5763,No Fault,Low
15234,1,93.57,84.05,12.67,36.62,4.02,2.66,11.3,12989,No Fault,Low
126008,11,87.52,74.78,12.64,39.84,5.37,0.56,6.5,23253,Tyre Pressure Issue,Medium
94959,8,99.05,78.61,12.2,36.99,6.07,3.14,7.21,12755,No Fault,Low
128802,9,98.38,85.13,11.96,30.22,8.7,2.39,5.53,9002,No Fault,Low
74783,5,98.83,93.04,13.14,32.82,8.15,3.23,8.16,13721,No Fault,Low
82963,7,83.65,84.37,12.33,31.16,7.3,2.58,9.03,1627,No Fault,Low
82525,5,94.33,97.29,13.26,33.81,3.3,3.28,5.06,26901,Brake Wear,High
159648,5,77.56,108.74,12.19,33.61,5.18,2.69,7.6,25767,Service Overdue,Medium
47946,8,100.62,78.45,11.92,33.63,7.19,1.37,11.12,15391,No Fault,Low
25922,13,80.6,99.43,12.5,34.8,8.77,4.01,6.95,5006,No Fault,Low
170465,13,95.82,77.56,12.69,33.8,7.9,2.07,7.28,2587,No Fault,Low
126688,12,79.96,96.26,12.41,34.59,7.83,1.7,7.91,5117,No Fault,Low
48618,13,95.55,90.12,12.61,34.24,5.74,2.78,7.06,21975,Service Overdue,Medium
71125,13,88.39,100.52,13.0,32.61,6.18,3.65,4.7,28298,Service Overdue,Medium
145347,6,88.89,89.67,12.51,39.51,4.14,2.32,8.11,5485,Tyre Pressure Issue,Medium
112205,11,93.28,95.53,13.26,35.5,6.73,1.79,7.9,25042,Service Overdue,Medium
151158,12,84.74,105.32,13.07,36.21,4.82,1.86,4.71,28974,Service Overdue,Medium
118002,2,89.69,87.16,13.27,31.43,5.89,2.7,5.7,25762,Service Overdue,Medium
182871,12,88.83,95.99,11.64,32.38,7.56,1.62,5.83,18345,Battery Risk,High
57999,7,102.96,109.29,13.13,32.32,10.98,2.85,9.94,5266,No Fault,Low
176389,13,87.98,97.54,12.21,25.47,7.04,2.81,5.08,5552,Tyre Pressure Issue,Medium
145489,4,94.7,92.5,13.03,34.68,9.0,3.58,5.82,10170,No Fault,Low
185100,6,86.09,92.61,13.04,33.07,5.06,1.67,10.77,23018,Service Overdue,Medium
18704,12,90.57,81.36,11.52,32.13,6.61,3.45,8.78,3971,Battery Risk,High
39785,13,91.95,77.51,13.39,35.96,8.73,1.43,9.42,7782,No Fault,Low
104352,14,88.32,85.47,12.38,33.81,4.84,1.61,6.04,15456,No Fault,Low
50865,2,84.29,75.91,13.06,34.22,6.18,2.41,7.44,17459,No Fault,Low
168515,13,91.04,95.16,12.43,31.85,10.13,2.91,7.56,22054,Service Overdue,Medium
159599,12,83.16,107.1,12.27,32.23,8.31,3.14,6.68,6956,No Fault,Low
54241,4,76.12,88.9,12.74,31.67,6.98,1.84,4.6,13515,No Fault,Low
86326,14,86.6,80.42,12.54,31.99,5.08,2.6,8.8,15616,No Fault,Low
206541,4,84.08,92.56,12.59,32.84,3.45,3.43,6.56,19293,Brake Wear,High
11364,4,97.96,84.98,12.02,29.6,6.0,3.48,8.27,18416,No Fault,Low
219303,4,95.74,115.81,12.52,25.14,9.48,1.8,10.9,27206,Engine Overheating,High
133180,2,92.93,78.15,11.37,38.62,9.21,4.73,7.52,15758,Suspension/Vibration Issue,Medium
201852,11,86.73,91.08,12.51,31.47,3.66,2.66,6.2,8135,No Fault,Low
5320,12,66.08,101.62,12.72,34.85,11.99,2.36,7.07,10009,No Fault,Low
51250,11,88.38,103.95,12.85,39.07,10.25,3.42,4.92,25229,Tyre Pressure Issue,Medium
107171,9,106.62,94.72,12.21,33.52,7.81,3.74,9.47,19734,Engine Overheating,High
34092,6,94.27,85.12,11.98,37.75,8.56,2.46,6.87,13488,No Fault,Low
205417,4,75.79,110.29,12.35,37.58,8.84,4.79,7.31,6197,Suspension/Vibration Issue,Medium
12452,12,82.66,98.22,12.37,33.41,9.43,2.67,7.9,11553,No Fault,Low
156883,6,89.38,99.41,12.03,34.69,3.28,3.1,7.95,3776,Brake Wear,High
112615,1,94.99,106.02,11.63,35.52,6.53,2.64,7.17,23258,Service Overdue,Medium
76117,7,96.35,106.65,11.78,28.09,8.42,1.74,7.93,17755,Battery Risk,High
28382,8,83.92,84.37,12.69,28.29,9.66,2.73,9.84,22316,Tyre Pressure Issue,Medium
89698,9,83.3,90.64,11.2,31.61,6.63,0.54,6.91,24988,Battery Risk,High
86006,1,105.41,85.54,11.82,37.41,7.68,1.56,7.82,8371,Engine Overheating,High
52315,13,83.79,102.81,12.09,34.35,6.66,3.62,8.6,18883,No Fault,Low
179131,5,86.92,102.04,12.54,29.49,3.39,2.7,5.91,21616,Brake Wear,High
149403,8,84.31,106.8,13.54,35.97,4.46,4.47,7.47,1941,No Fault,Low
105211,6,84.27,99.27,12.42,35.23,5.6,3.66,7.57,21276,Service Overdue,Medium
169439,9,97.58,101.27,12.49,30.43,9.17,3.32,4.34,28052,Service Overdue,Medium
112286,2,95.43,95.77,12.1,33.5,7.16,0.37,8.19,1272,No Fault,Low
65354,14,84.16,83.47,11.56,28.62,4.29,1.79,10.43,9435,Battery Risk,High
161153,6,73.8,83.06,12.08,35.23,5.96,2.01,7.77,12569,No Fault,Low
149101,11,78.33,86.67,12.22,30.65,6.28,1.66,8.51,9921,No Fault,Low
55435,1,91.03,90.92,11.97,30.92,10.98,2.83,5.86,22659,Service Overdue,Medium
5507,13,94.3,94.26,12.36,39.92,4.23,3.01,9.73,4715,Tyre Pressure Issue,Medium
118181,14,100.22,88.47,12.28,36.05,5.07,1.89,5.75,11073,No Fault,Low
10209,13,101.43,110.42,11.61,33.57,9.81,2.9,6.77,18245,Battery Risk,High
144418,7,87.28,103.44,12.31,30.79,4.47,4.03,7.7,27282,Service Overdue,Medium
184921,12,87.28,98.64,12.51,32.72,7.94,1.13,7.1,28843,Service Overdue,Medium
67320,2,94.02,108.85,12.62,37.3,7.93,3.85,8.28,29557,Service Overdue,Medium
76334,12,91.22,92.67,12.38,32.77,6.96,2.93,8.14,23057,Service Overdue,Medium
171964,11,97.56,83.59,12.34,31.59,6.22,2.09,6.78,12781,No Fault,Low
141587,6,81.96,65.71,13.43,37.27,6.25,2.52,5.74,17940,No Fault,Low
34831,7,93.6,95.08,12.08,31.61,8.22,3.02,7.59,27027,Service Overdue,Medium
40081,11,99.39,83.44,13.53,36.14,6.84,3.28,9.17,25995,Service Overdue,Medium
204544,7,99.82,73.94,12.98,38.16,6.4,-0.1,6.96,28104,Service Overdue,Medium
12235,14,91.49,95.52,12.65,30.14,6.93,2.64,6.71,20281,Service Overdue,Medium
74806,12,90.53,91.43,12.99,32.12,7.09,2.55,6.75,22042,Service Overdue,Medium
48894,6,81.02,100.0,12.13,37.66,5.25,4.21,4.88,3962,No Fault,Low
149923,11,87.6,115.78,12.92,38.61,5.67,2.6,9.42,9876,Engine Overheating,High
65973,8,97.06,108.68,11.82,26.12,5.96,3.64,4.9,6974,Tyre Pressure Issue,Medium
123222,1,83.15,100.73,11.87,31.86,6.63,0.83,7.57,10562,No Fault,Low
34320,5,91.14,108.76,12.56,36.06,9.93,1.39,7.45,15436,No Fault,Low
148093,5,93.31,91.31,12.12,31.08,8.67,2.33,7.03,10290,No Fault,Low
219669,2,90.41,86.09,12.37,36.56,11.24,3.08,3.73,28325,Service Overdue,Medium
27499,9,99.49,96.85,13.03,35.18,10.12,2.06,7.72,29562,Service Overdue,Medium
42344,2,98.61,100.17,12.12,30.64,2.96,4.1,10.02,8237,Brake Wear,High
19175,9,92.57,82.06,12.05,31.25,9.48,2.1,9.1,26987,Service Overdue,Medium
32856,3,96.83,112.71,12.65,37.19,8.12,2.56,7.61,7915,No Fault,Low
10033,13,84.21,105.07,12.57,33.32,5.35,1.78,10.57,25059,Service Overdue,Medium
197503,9,92.01,87.2,12.94,29.95,6.17,2.53,7.67,18558,No Fault,Low
66084,14,98.93,92.17,12.31,33.48,6.2,2.35,10.39,29022,Service Overdue,Medium
6605,3,83.62,88.13,11.51,37.87,8.53,2.0,5.37,18874,No Fault,Low
136965,14,92.88,95.76,13.07,31.92,3.98,1.34,7.47,21711,Service Overdue,Medium
59962,8,86.17,96.82,12.02,42.76,5.17,1.8,8.82,18297,Tyre Pressure Issue,Medium
76894,6,82.92,107.3,13.51,34.03,4.91,2.53,8.98,26765,Service Overdue,Medium
59460,14,87.08,86.68,12.35,30.72,8.51,3.45,6.44,16240,No Fault,Low
107272,13,98.76,106.51,12.68,32.9,6.59,4.31,6.97,21008,Service Overdue,Medium
75474,10,100.4,81.55,12.51,34.27,10.61,1.64,10.94,18796,No Fault,Low
178615,3,87.26,98.15,12.64,36.81,5.04,3.91,8.04,15998,No Fault,Low
43737,2,96.87,84.21,11.8,33.39,5.84,2.12,8.28,21046,Service Overdue,Medium
58634,14,90.88,98.08,12.14,38.06,7.85,2.54,5.35,26464,Service Overdue,Medium
119012,2,81.47,93.58,11.77,31.99,6.74,1.89,3.88,14668,No Fault,Low
152032,8,73.81,116.35,13.02,32.95,5.32,2.9,7.8,10053,Engine Overheating,High
184589,1,96.34,94.97,12.41,33.31,8.24,1.09,6.89,25840,Service Overdue,Medium
105963,6,95.83,101.8,12.47,33.13,6.76,3.24,7.55,4153,No Fault,Low
28834,11,83.67,103.66,12.9,36.31,5.36,3.26,6.28,5567,No Fault,Low
79807,1,102.02,90.52,12.05,28.09,7.21,4.54,7.92,7391,Tyre Pressure Issue,Medium
201753,10,91.82,78.01,12.64,35.01,7.49,3.52,7.07,2820,No Fault,Low
57116,10,80.63,89.83,12.14,37.09,4.87,1.71,7.85,10142,No Fault,Low
209603,3,81.39,86.01,11.4,34.79,10.38,2.04,8.95,28025,Service Overdue,Medium
189054,10,83.66,83.28,12.63,32.35,7.63,1.61,7.77,27532,Service Overdue,Medium
11464,3,102.43,112.1,12.32,33.45,4.8,1.02,7.37,16323,No Fault,Low
148424,4,86.89,86.09,11.97,29.61,8.87,0.27,8.23,10225,No Fault,Low
29700,1,85.06,109.46,12.41,36.37,9.6,2.66,5.71,26797,Service Overdue,Medium
167002,2,87.02,89.46,12.85,37.18,7.07,4.38,7.55,9997,No Fault,Low
111102,14,102.34,110.7,12.34,38.3,9.77,4.05,3.78,24110,Service Overdue,Medium
81290,10,101.46,99.81,12.3,32.42,9.07,1.08,6.04,5321,No Fault,Low
128549,4,88.82,79.3,12.56,35.38,6.85,3.28,10.38,17075,No Fault,Low
112215,9,104.85,96.62,11.96,35.85,2.6,0.2,8.0,27636,Brake Wear,High
151702,9,73.24,83.9,12.97,34.43,5.84,1.9,5.42,17727,No Fault,Low
37167,14,87.71,92.36,11.87,33.86,7.95,2.29,8.49,3708,No Fault,Low
201497,7,85.54,90.75,12.29,35.11,8.21,3.31,5.08,2552,No Fault,Low
56272,14,86.09,106.92,12.88,34.73,3.93,2.3,7.95,14016,No Fault,Low
47137,10,93.4,102.29,11.7,32.7,7.92,2.61,8.74,25480,Battery Risk,High
52691,1,100.98,85.64,12.65,35.35,3.67,3.55,6.65,24349,Service Overdue,Medium
150213,1,92.44,93.76,12.12,32.34,10.88,1.76,9.44,7031,No Fault,Low
42011,7,94.38,111.21,12.07,31.21,6.77,4.16,6.17,26739,Service Overdue,Medium
26209,12,71.29,117.64,12.74,37.43,9.48,-0.25,8.14,11151,Engine Overheating,High
88521,10,99.68,99.62,11.81,34.52,8.34,4.03,8.83,9269,No Fault,Low
73367,3,98.09,107.5,11.73,32.95,5.45,2.88,9.35,20506,Service Overdue,Medium
111471,7,108.9,108.97,12.63,32.86,6.53,1.82,5.76,2410,Engine Overheating,High
148737,5,99.39,98.14,13.32,30.5,8.04,3.13,4.68,9007,No Fault,Low
39409,8,84.97,105.83,12.85,30.77,9.63,2.63,7.69,12998,No Fault,Low
5882,1,90.59,115.15,13.05,32.81,4.8,2.85,7.63,3244,Engine Overheating,High
103322,2,94.93,88.74,12.13,30.97,6.1,2.49,6.68,17121,No Fault,Low
137746,12,80.12,80.88,12.45,32.43,8.01,2.37,6.26,23029,Service Overdue,Medium
194167,6,98.03,101.17,12.28,36.58,9.02,1.55,7.73,13373,No Fault,Low
89523,10,93.14,111.43,12.58,31.41,6.94,2.52,8.21,21308,Service Overdue,Medium
175040,14,79.77,68.64,12.75,36.38,9.39,2.35,7.02,18400,No Fault,Low
45115,10,87.94,96.18,12.06,37.53,6.57,1.98,5.13,24777,Service Overdue,Medium
62939,3,88.91,104.07,11.76,37.95,8.78,2.77,6.75,9368,No Fault,Low
119826,2,80.71,110.99,12.8,36.59,4.17,1.35,3.24,10494,No Fault,Low
51330,6,84.4,93.01,12.49,30.19,4.87,1.81,6.07,4326,No Fault,Low
139731,2,92.29,108.7,11.58,34.71,5.92,2.62,8.56,7159,No Fault,Low
111749,12,88.3,99.11,11.71,34.5,5.05,3.44,8.81,18143,Battery Risk,High
60934,7,88.27,102.64,12.96,31.26,5.85,2.34,9.93,23538,Service Overdue,Medium
197537,13,91.26,92.54,11.81,33.69,6.42,2.14,6.89,7479,No Fault,Low
167462,5,103.77,79.88,11.95,34.02,5.89,4.2,5.66,5379,No Fault,Low
164031,3,83.21,109.21,12.34,34.66,9.47,1.47,8.39,24205,Service Overdue,Medium
23830,5,87.28,80.68,12.12,30.98,3.58,3.15,5.52,17956,No Fault,Low
178364,2,94.35,111.65,11.76,36.62,6.4,5.07,6.93,28675,Suspension/Vibration Issue,Medium
208339,4,87.66,92.57,11.45,32.64,4.92,1.89,7.29,9098,No Fault,Low
33333,10,100.84,88.98,12.3,32.8,3.93,3.04,7.56,12630,No Fault,Low
124975,3,103.52,106.59,12.42,27.49,5.97,4.29,7.95,25090,Tyre Pressure Issue,Medium
176459,14,95.11,94.05,12.14,34.73,6.88,3.63,7.63,19231,No Fault,Low
44619,12,86.02,100.27,12.16,32.05,7.17,2.51,8.22,27574,Service Overdue,Medium
20504,2,95.54,104.96,11.82,35.23,10.66,2.61,9.21,5150,No Fault,Low
116369,10,88.46,91.13,12.33,29.11,6.34,3.84,6.05,24956,Service Overdue,Medium
68879,1,84.22,104.82,12.35,30.68,4.38,4.43,7.26,21400,Service Overdue,Medium
86515,10,99.49,103.96,12.41,33.8,9.99,3.47,7.68,12780,No Fault,Low
88732,2,94.6,93.74,12.68,36.57,9.47,2.84,5.93,26752,Service Overdue,Medium
214534,13,74.81,77.95,12.44,32.26,6.48,2.34,8.15,6616,No Fault,Low
217566,9,89.44,95.25,12.23,29.07,9.18,3.4,10.48,25099,Service Overdue,Medium
148788,4,110.24,120.12,12.38,34.73,3.96,2.65,10.4,22560,Engine Overheating,High
153178,12,93.42,74.0,12.1,37.29,5.2,3.09,6.27,23906,Service Overdue,Medium
198631,14,98.21,95.54,11.73,36.92,9.61,2.14,8.29,27183,Battery Risk,High
163517,14,83.13,110.94,12.2,32.17,10.28,3.11,7.89,22073,Service Overdue,Medium
56588,14,84.23,102.6,12.25,33.82,7.99,2.79,4.51,10365,No Fault,Low
213030,7,89.56,90.69,12.61,32.19,7.17,4.09,7.68,14419,No Fault,Low
19457,1,104.13,102.79,11.84,36.28,10.06,2.76,6.59,1709,No Fault,Low
119161,6,104.85,86.02,12.23,37.8,7.79,2.33,6.37,17892,No Fault,Low
131044,1,94.81,103.14,13.49,32.85,5.64,1.75,6.48,17708,No Fault,Low
33552,11,82.86,95.29,11.68,27.68,9.17,1.52,5.5,13760,Battery Risk,High
82095,13,85.51,96.02,12.45,38.18,4.91,2.1,7.25,19408,No Fault,Low
106121,9,86.4,102.09,12.51,33.41,4.8,2.33,7.89,19827,No Fault,Low
128607,5,94.39,101.81,11.82,36.26,7.4,2.97,6.53,4407,No Fault,Low
103943,13,106.33,96.47,12.49,30.16,6.1,4.25,7.43,21460,Engine Overheating,High
104397,9,88.44,98.45,11.98,33.77,5.72,0.7,8.22,23060,Service Overdue,Medium
118034,6,87.18,98.18,12.72,35.75,6.18,2.78,9.05,29324,Service Overdue,Medium
29624,4,95.56,103.08,12.09,36.15,5.9,0.6,7.49,5777,No Fault,Low
20994,12,88.0,99.39,12.44,37.16,5.06,2.42,8.83,20091,Service Overdue,Medium
78495,13,94.89,90.94,12.09,35.73,6.7,3.62,8.05,7297,No Fault,Low
183735,3,84.78,104.47,11.7,37.67,7.64,2.34,8.65,24262,Service Overdue,Medium
22509,14,96.09,102.52,12.58,42.89,9.15,3.34,6.35,8210,Tyre Pressure Issue,Medium
192877,4,91.08,91.15,12.67,36.63,5.66,2.44,5.91,21668,Service Overdue,Medium
184614,10,72.02,88.06,11.64,33.4,8.07,3.54,8.3,15292,Battery Risk,High
8052,10,84.07,104.21,12.02,32.88,6.36,2.61,9.0,5958,No Fault,Low
71060,8,94.12,94.95,12.59,35.17,8.22,5.28,7.56,21837,Service Overdue,Medium
147509,9,89.28,100.0,11.72,34.67,8.1,3.18,4.59,25559,Battery Risk,High
66192,14,85.91,99.81,13.15,32.52,6.0,3.65,7.94,18231,No Fault,Low
75309,14,91.5,99.91,12.75,32.5,8.96,3.63,7.98,17666,No Fault,Low
71617,14,97.32,105.55,12.0,31.92,7.39,0.36,7.76,14436,No Fault,Low
201674,6,106.94,107.43,12.75,36.94,8.28,2.95,8.85,28856,Engine Overheating,High
192130,1,81.05,101.31,12.08,31.9,8.36,2.0,7.7,3892,No Fault,Low
195912,8,95.37,89.22,12.84,34.0,7.79,1.54,6.62,16096,No Fault,Low
41833,11,88.33,94.75,13.04,29.0,6.42,2.28,7.91,17559,No Fault,Low
37334,2,91.61,99.89,12.48,35.14,5.14,1.91,6.64,3040,No Fault,Low
203360,10,89.79,85.19,12.42,29.85,2.56,3.22,8.24,6795,Brake Wear,High
113835,4,88.1,105.74,12.65,40.23,9.36,3.64,5.42,22301,Tyre Pressure Issue,Medium
79329,5,98.11,99.23,11.01,33.32,4.82,1.45,6.71,21655,Service Overdue,Medium
169077,14,83.27,102.94,12.31,34.41,7.25,2.59,9.79,22894,Service Overdue,Medium
160917,7,81.07,96.35,12.01,33.65,5.18,3.14,5.49,5067,No Fault,Low
107499,2,95.28,92.69,13.1,36.52,8.75,1.53,7.38,27705,Service Overdue,Medium
181881,9,89.6,93.32,12.49,34.3,5.87,2.35,6.38,4936,No Fault,Low
186299,5,92.78,93.49,12.15,33.46,7.32,4.23,8.48,21953,Service Overdue,Medium
89664,13,86.67,92.46,12.07,34.08,7.21,1.31,7.05,6419,No Fault,Low
171562,7,95.23,85.88,12.84,36.09,5.4,1.44,6.4,18737,No Fault,Low
5767,8,91.77,90.4,11.86,32.16,7.39,3.05,4.24,5492,No Fault,Low
178570,10,99.72,98.63,11.83,29.18,5.05,3.34,7.05,22035,Service Overdue,Medium
197180,11,92.65,74.85,12.07,35.26,4.75,3.11,6.2,10490,No Fault,Low
157324,11,87.49,99.15,11.81,40.82,6.52,2.51,9.98,25530,Tyre Pressure Issue,Medium
214124,3,87.31,83.45,12.19,31.6,3.04,2.63,6.42,29804,Brake Wear,High
171862,13,92.33,90.27,12.46,33.23,7.14,4.4,5.9,29545,Service Overdue,Medium
39160,6,90.65,92.74,13.09,35.91,10.23,1.11,7.45,2782,No Fault,Low
58693,13,97.51,89.81,11.86,24.98,7.37,3.08,7.35,10137,Tyre Pressure Issue,Medium
21984,13,99.47,81.8,12.31,33.25,6.78,3.67,7.34,9417,No Fault,Low
149434,10,96.47,68.78,11.78,36.87,5.15,2.7,5.61,7749,Battery Risk,High
51531,5,97.85,86.24,12.3,32.65,7.02,1.12,6.81,27005,Service Overdue,Medium
38123,11,83.7,101.65,12.0,31.15,4.11,2.02,7.38,26345,Service Overdue,Medium
55390,2,93.94,104.51,12.66,33.43,6.6,3.01,9.41,2460,No Fault,Low
217290,6,84.06,80.55,12.73,35.73,8.15,2.37,9.61,25931,Service Overdue,Medium
186787,13,88.13,107.1,12.95,30.57,5.72,1.95,8.41,19733,No Fault,Low
24157,7,88.29,102.69,12.46,30.47,10.75,3.48,7.56,3786,No Fault,Low
61321,7,89.81,78.2,12.93,36.57,8.15,1.69,8.04,10848,No Fault,Low
57127,10,82.49,94.5,11.88,35.42,7.58,3.46,6.31,8957,No Fault,Low
112724,9,92.27,100.19,12.65,34.0,7.83,4.1,7.07,7343,No Fault,Low
40031,2,100.16,100.48,11.96,30.88,7.23,2.68,7.35,6095,No Fault,Low
117113,7,85.56,97.51,11.99,37.55,5.82,3.16,5.6,13501,No Fault,Low
217175,9,97.68,101.18,11.75,28.51,4.98,2.37,9.23,26008,Battery Risk,High
53928,9,90.78,93.86,11.71,29.87,4.3,4.98,8.79,8860,Battery Risk,High
12526,8,83.24,63.23,12.54,34.87,3.62,1.52,11.63,11970,No Fault,Low
99533,3,89.56,101.35,13.6,35.15,7.09,2.16,7.85,6519,No Fault,Low
159841,13,76.86,91.14,12.37,33.59,11.3,4.33,6.37,12953,No Fault,Low
111410,4,75.65,86.67,12.11,28.62,6.96,2.17,7.77,5532,Tyre Pressure Issue,Medium
140996,6,103.42,90.81,12.78,28.26,8.32,1.7,7.96,24341,Tyre Pressure Issue,Medium
122369,8,90.02,88.98,11.97,34.43,3.52,2.03,7.01,14335,No Fault,Low
180212,6,84.96,106.57,12.39,36.59,5.92,2.45,7.82,6021,No Fault,Low
122595,3,105.98,105.98,12.21,34.85,9.02,1.92,8.01,29174,Engine Overheating,High
34086,11,102.81,88.46,12.0,34.23,8.37,2.36,9.25,22322,Service Overdue,Medium
40739,8,96.25,98.21,12.16,35.56,5.05,3.05,6.31,24479,Service Overdue,Medium
133411,11,86.58,99.16,12.26,34.81,4.91,1.67,5.45,26421,Service Overdue,Medium
37376,3,86.32,114.31,12.83,32.86,3.26,1.67,5.39,8262,Brake Wear,High
162921,6,112.75,106.38,12.17,32.52,8.74,0.82,7.03,6275,Engine Overheating,High
44339,14,90.09,100.84,12.71,31.77,6.17,2.95,6.3,27469,Service Overdue,Medium
137385,8,93.37,98.91,12.17,32.12,6.15,3.0,7.8,11196,No Fault,Low
195346,6,88.62,103.66,12.02,33.91,8.59,3.54,6.51,9809,No Fault,Low
89085,13,83.47,103.0,12.48,28.78,6.41,2.54,6.59,3983,Tyre Pressure Issue,Medium
61411,7,101.83,86.88,12.26,31.31,7.61,3.83,4.71,13955,No Fault,Low
100042,12,88.63,83.69,12.61,37.0,8.78,2.87,7.65,3105,No Fault,Low
204176,3,84.81,83.62,12.58,35.96,8.76,2.43,6.21,19550,No Fault,Low
63703,11,91.59,92.53,13.47,36.68,8.94,2.97,6.95,23301,Service Overdue,Medium
141213,3,89.8,93.33,11.72,32.84,8.76,3.7,9.37,14660,No Fault,Low
152680,10,105.99,105.4,12.03,30.0,6.23,2.93,7.86,15490,Engine Overheating,High
27784,11,102.03,84.94,11.35,31.44,7.15,3.56,6.22,2777,Battery Risk,High
186446,5,100.08,82.89,11.94,38.35,7.1,2.33,7.85,2242,No Fault,Low
111843,8,82.35,107.31,11.56,39.29,6.75,1.39,5.56,24664,Battery Risk,High
107364,13,106.86,104.71,12.44,32.99,13.03,3.13,6.5,12785,Engine Overheating,High
137040,1,90.2,106.39,11.82,32.94,8.0,2.44,7.87,5259,No Fault,Low
172462,5,98.46,86.52,12.19,32.64,3.41,2.17,8.6,6534,Brake Wear,High
171742,4,81.81,96.99,12.49,39.05,5.54,2.92,6.71,28197,Tyre Pressure Issue,Medium
156791,10,75.16,115.42,12.48,35.19,6.88,1.76,7.22,26692,Engine Overheating,High
79353,12,79.2,100.21,12.99,31.85,7.01,2.71,8.61,14334,No Fault,Low
164687,14,97.85,100.38,12.76,41.18,11.37,1.81,9.94,21004,Tyre Pressure Issue,Medium
8190,2,95.07,113.85,11.94,36.43,9.76,2.32,5.83,28885,Service Overdue,Medium
92421,11,86.69,75.94,12.61,36.49,6.56,2.79,7.01,21645,Service Overdue,Medium
162221,5,97.92,105.42,11.98,32.16,5.78,2.24,7.18,11150,No Fault,Low
117223,9,98.6,101.53,12.68,33.01,6.21,1.63,6.17,21420,Service Overdue,Medium
172567,8,93.55,94.62,13.15,35.72,5.45,2.44,4.99,10716,No Fault,Low
38349,11,83.09,110.22,12.92,37.01,8.56,1.27,6.9,9353,No Fault,Low
20690,6,89.28,87.65,12.39,37.61,7.37,3.13,7.08,17006,No Fault,Low
180221,9,84.58,102.61,12.75,35.05,6.96,3.16,8.69,15554,No Fault,Low
197317,11,95.64,92.32,11.66,34.67,9.82,3.75,8.61,29391,Battery Risk,High
177903,6,98.75,104.26,11.68,38.0,7.8,2.42,7.01,3739,Battery Risk,High
18231,11,87.61,111.73,12.11,29.25,8.63,1.12,6.85,12939,No Fault,Low
163484,5,90.34,104.15,12.44,30.51,7.2,2.94,7.64,4523,No Fault,Low
219755,12,89.88,91.63,12.47,35.56,7.85,2.54,9.65,8869,No Fault,Low
192934,2,93.48,80.49,12.77,38.16,8.14,2.46,8.45,16764,No Fault,Low
163635,12,94.18,90.75,12.93,34.57,9.4,3.3,5.73,21124,Service Overdue,Medium
20210,7,98.69,109.54,12.43,35.37,7.49,0.41,5.78,16369,No Fault,Low
218083,11,98.09,97.73,11.36,33.72,7.03,3.29,8.96,14750,Battery Risk,High
66293,13,97.03,91.43,13.25,38.4,10.35,1.58,8.24,23164,Service Overdue,Medium
215404,7,88.18,110.54,11.4,35.38,7.45,1.71,5.41,22847,Battery Risk,High
15514,1,68.93,95.84,13.03,31.23,5.03,1.66,5.89,25386,Service Overdue,Medium
206454,3,88.16,99.36,12.71,32.24,6.3,2.76,7.27,1400,No Fault,Low
24239,1,97.3,95.76,12.45,29.56,3.62,2.32,6.55,11394,No Fault,Low
162944,13,96.69,96.63,12.19,40.2,7.77,0.94,10.23,13231,Tyre Pressure Issue,Medium
23482,8,90.2,85.71,13.87,30.78,6.14,2.92,8.4,4241,No Fault,Low
40825,7,99.66,107.94,12.27,36.27,7.17,4.73,6.17,24804,Service Overdue,Medium
66416,10,104.65,91.9,12.39,38.37,6.4,3.01,8.82,6257,No Fault,Low
182573,9,90.43,90.99,12.81,32.36,5.65,0.97,6.74,15245,No Fault,Low
122341,10,95.48,111.72,12.97,32.44,9.53,2.02,6.81,18173,No Fault,Low
90395,2,90.33,88.29,12.84,36.62,7.69,4.44,9.43,12980,No Fault,Low
122399,6,102.33,120.88,11.8,36.1,6.18,3.28,5.29,20370,Engine Overheating,High
120074,4,81.9,100.71,12.68,29.11,5.72,2.35,4.77,23553,Service Overdue,Medium
189704,8,79.57,109.55,12.95,33.13,5.7,3.33,6.32,17940,No Fault,Low
160075,9,86.1,102.64,11.91,34.85,7.52,1.68,7.25,7382,No Fault,Low
98190,5,99.46,97.2,12.55,35.46,7.16,2.02,9.19,17622,No Fault,Low
168347,12,93.26,85.16,12.17,35.96,7.19,2.68,6.05,20448,Service Overdue,Medium
52078,13,96.42,98.43,13.19,32.73,7.1,1.49,5.68,5331,No Fault,Low
188258,9,94.6,87.76,12.37,38.85,10.12,4.72,9.96,19595,Suspension/Vibration Issue,Medium
65148,8,86.04,91.7,12.57,36.74,6.5,1.3,9.0,6660,No Fault,Low
134662,2,84.81,84.45,12.53,38.53,2.73,0.96,8.51,23419,Brake Wear,High
86238,9,76.01,109.32,11.99,32.92,7.64,1.83,6.19,14846,No Fault,Low
174455,13,85.14,95.62,11.94,33.43,4.01,3.86,7.04,14806,No Fault,Low
118096,10,94.02,107.61,12.48,32.74,7.08,3.89,7.58,18273,No Fault,Low
30368,3,86.64,93.43,13.33,35.34,7.04,1.98,8.31,26705,Service Overdue,Medium
196375,12,89.34,105.44,12.63,33.44,4.44,0.9,7.97,25874,Service Overdue,Medium
24731,4,86.26,81.69,11.31,31.9,7.32,2.6,7.72,2861,No Fault,Low
182982,13,80.71,103.03,12.52,36.2,3.21,2.81,5.72,3191,Brake Wear,High
37328,12,88.82,90.07,11.6,31.41,9.46,1.29,6.05,20567,Battery Risk,High
131913,6,96.69,88.26,12.84,31.69,5.73,1.45,8.53,3317,No Fault,Low
106925,12,91.57,85.2,12.2,24.79,8.56,2.33,3.89,16669,Tyre Pressure Issue,Medium
16294,10,93.49,92.62,11.53,42.31,8.67,2.92,9.47,18643,Battery Risk,High
177030,6,97.15,101.88,12.09,33.83,9.37,2.84,7.41,14450,No Fault,Low
14491,3,82.12,110.23,12.79,37.46,5.14,2.57,7.95,17218,No Fault,Low
48220,4,94.04,114.99,12.97,33.7,6.04,3.84,9.01,9959,No Fault,Low
33261,10,90.77,86.39,11.41,33.19,6.98,4.09,8.94,13000,Battery Risk,High
111637,13,87.34,101.49,12.22,35.36,5.48,2.82,7.2,25307,Service Overdue,Medium
75658,13,88.14,105.99,13.38,35.35,7.17,2.54,3.92,28578,Service Overdue,Medium
147667,2,97.96,87.89,12.21,32.77,9.04,2.12,10.62,5083,No Fault,Low
38513,14,106.94,105.09,12.17,36.34,6.2,1.39,6.15,15162,Engine Overheating,High
163785,6,89.13,102.35,12.43,34.89,7.58,1.87,4.86,13120,No Fault,Low
104847,6,85.71,87.16,13.3,36.58,6.5,3.17,6.87,22274,Service Overdue,Medium
134994,1,92.89,109.46,11.9,29.25,4.68,1.35,8.7,13616,No Fault,Low
74672,7,104.39,102.9,12.28,35.03,5.26,3.6,8.15,17182,No Fault,Low
41558,11,98.19,102.25,13.12,32.18,8.56,1.79,10.68,17330,No Fault,Low
133701,2,88.68,101.44,12.48,41.82,7.46,1.98,8.46,18616,Tyre Pressure Issue,Medium
99488,11,96.94,95.76,12.92,33.91,8.55,1.45,7.46,25864,Service Overdue,Medium
203017,14,75.04,107.34,12.23,33.92,6.0,0.79,6.33,12662,No Fault,Low
164815,2,108.78,96.41,12.36,33.03,7.03,3.14,6.62,9515,Engine Overheating,High
7431,1,105.15,98.91,12.98,31.83,5.71,-0.24,9.28,10230,Engine Overheating,High
56977,9,104.32,94.93,12.5,33.11,10.18,2.42,7.22,16588,No Fault,Low
6789,13,80.45,101.87,12.64,33.02,10.24,1.88,7.25,4534,No Fault,Low
27228,4,98.15,88.29,12.91,32.03,7.68,2.45,9.83,5053,No Fault,Low
35615,3,87.91,69.46,12.32,33.02,7.78,2.35,7.02,7981,No Fault,Low
209829,7,77.76,101.71,12.99,41.63,4.99,2.63,6.78,29535,Tyre Pressure Issue,Medium
118759,6,85.45,95.11,12.92,30.09,5.41,1.55,7.99,24186,Service Overdue,Medium
62450,14,101.92,75.7,12.2,38.8,8.13,4.27,5.67,12254,No Fault,Low
140090,9,104.51,108.97,12.59,32.37,7.97,2.23,6.73,1148,No Fault,Low
137826,10,100.5,94.45,11.94,34.02,4.04,2.01,5.35,6692,No Fault,Low
205826,13,69.08,76.12,11.75,33.65,6.13,1.87,8.69,8407,Battery Risk,High
218862,3,98.37,84.16,12.46,33.55,8.02,2.56,5.82,27288,Service Overdue,Medium
122928,3,87.39,87.62,11.54,29.89,6.58,3.92,6.7,17679,No Fault,Low
48013,6,85.94,92.29,12.5,34.08,6.47,2.44,8.14,6499,No Fault,Low
136436,10,91.16,101.13,12.39,33.35,7.12,1.9,6.99,16234,No Fault,Low
89853,7,75.31,100.02,12.07,34.19,6.39,3.4,8.31,11973,No Fault,Low
127970,7,90.93,96.44,12.58,34.96,6.56,2.88,7.07,2597,No Fault,Low
16600,4,97.14,104.97,12.13,28.86,5.2,2.21,7.75,8002,Tyre Pressure Issue,Medium
30457,4,74.33,92.69,12.47,33.84,6.71,2.54,9.03,16261,No Fault,Low
25372,12,90.48,90.89,12.47,37.91,7.22,2.58,8.43,7411,No Fault,Low
101324,8,82.04,94.74,11.27,33.37,5.19,2.84,5.02,13048,Battery Risk,High
211384,12,87.9,93.77,12.29,33.49,10.66,1.41,7.04,2193,No Fault,Low
196758,1,84.15,80.95,12.45,33.04,8.25,2.42,7.81,13888,No Fault,Low
100707,13,79.01,100.75,12.13,36.44,9.44,2.17,7.18,12678,No Fault,Low
150439,9,92.24,83.42,12.16,37.1,4.94,2.29,7.94,13404,No Fault,Low
170418,3,84.62,115.1,12.79,31.12,8.06,3.49,9.06,13791,Engine Overheating,High
185891,1,82.88,111.05,12.71,31.54,7.25,2.38,6.04,15714,No Fault,Low
130291,8,92.29,97.19,11.98,26.69,8.37,1.69,7.76,27604,Tyre Pressure Issue,Medium
44477,8,96.43,99.51,13.33,37.74,8.13,2.19,7.47,28014,Service Overdue,Medium
102151,13,91.43,98.51,11.78,38.9,7.82,2.24,7.83,8641,Battery Risk,High
14834,1,99.44,80.33,12.35,30.44,12.31,2.64,5.73,5311,No Fault,Low
61888,1,120.8,93.63,11.98,34.74,2.58,3.59,5.81,10386,Brake Wear,High
58171,3,84.88,101.28,11.95,38.72,5.2,0.04,6.32,2986,No Fault,Low
168502,10,89.91,82.61,12.88,29.87,6.64,2.34,7.83,11524,No Fault,Low
54752,1,89.85,110.0,12.69,35.37,5.7,3.01,6.86,12545,No Fault,Low
66480,10,95.76,101.72,11.65,29.56,10.34,1.76,6.25,5016,Battery Risk,High
138909,14,88.34,96.1,12.46,36.72,7.19,2.6,8.27,12936,No Fault,Low
147108,5,98.94,70.02,12.56,40.27,6.93,0.51,6.49,5001,Tyre Pressure Issue,Medium
65848,12,93.78,90.7,12.66,32.96,7.86,3.3,6.7,19015,No Fault,Low
134335,5,85.82,101.46,11.85,37.76,7.32,3.14,7.62,20203,Service Overdue,Medium
67502,6,93.27,104.91,12.12,32.09,8.13,2.49,7.4,18182,No Fault,Low
121211,10,104.55,102.46,12.06,33.53,5.93,5.39,7.92,2495,Suspension/Vibration Issue,Medium
212693,13,102.86,112.92,13.44,36.12,6.3,2.3,7.06,21896,Service Overdue,Medium
218407,5,88.77,88.99,12.98,29.0,4.01,2.64,7.54,24017,Tyre Pressure Issue,Medium
137828,6,79.4,92.53,12.47,35.82,7.34,1.58,9.25,10168,No Fault,Low
153190,5,92.02,81.6,12.29,43.72,8.79,3.1,8.69,17226,Tyre Pressure Issue,Medium
197479,7,92.02,113.09,12.35,32.87,4.67,2.64,7.94,7780,No Fault,Low
32050,11,82.39,105.13,13.01,34.28,4.93,1.67,10.14,19321,No Fault,Low
182788,11,83.31,116.14,12.46,34.42,4.38,1.89,6.15,29626,Engine Overheating,High
205017,2,100.63,103.64,12.49,37.46,4.57,2.97,5.74,8205,No Fault,Low
98608,7,79.35,102.94,12.12,33.9,6.05,2.65,8.36,29939,Service Overdue,Medium
44080,3,83.93,96.38,13.38,36.37,7.61,3.41,7.3,23566,Service Overdue,Medium
176866,4,92.27,89.22,12.87,34.41,4.62,1.9,8.56,21067,Service Overdue,Medium
11704,9,102.3,105.54,12.75,37.92,7.58,1.98,8.28,16732,No Fault,Low
60244,13,93.59,93.05,12.77,35.48,4.9,1.35,7.37,13500,No Fault,Low
128145,5,92.26,106.84,12.05,36.99,7.32,4.27,11.68,17537,No Fault,Low
24977,1,110.57,101.03,11.95,33.88,8.52,3.33,5.81,18856,Engine Overheating,High
14628,10,83.25,88.56,12.61,34.63,8.94,2.39,5.9,18772,No Fault,Low
91105,4,99.23,84.93,13.3,35.68,5.8,3.61,7.49,13510,No Fault,Low
24464,5,90.23,88.19,11.46,35.81,3.74,1.71,8.15,21156,Service Overdue,Medium
186553,12,95.19,97.45,12.75,33.63,10.29,5.04,8.56,14882,Suspension/Vibration Issue,Medium
216346,12,93.82,83.23,12.54,31.52,7.78,1.56,4.37,5979,No Fault,Low
6212,2,102.53,92.74,12.42,36.99,10.76,3.22,7.65,18745,No Fault,Low
134651,8,95.7,101.85,12.46,38.42,7.28,2.94,9.0,21566,Service Overdue,Medium
192197,6,83.97,103.35,11.81,30.28,7.06,2.52,3.25,9007,No Fault,Low
119915,9,101.28,81.2,12.85,31.68,3.83,2.5,9.27,18152,No Fault,Low
191258,13,89.1,80.67,13.05,36.6,6.02,1.88,6.42,19276,No Fault,Low
170723,12,89.24,90.6,12.72,29.55,6.25,0.82,7.66,4424,No Fault,Low
134958,13,93.53,88.74,12.43,35.83,7.92,4.24,7.11,11051,No Fault,Low
111520,4,81.59,81.57,12.2,40.72,5.12,1.57,9.79,19125,Tyre Pressure Issue,Medium
74224,14,98.29,85.99,12.6,31.6,6.09,3.07,5.58,20515,Service Overdue,Medium
166063,3,97.96,67.87,12.33,29.71,6.05,2.2,6.96,18273,No Fault,Low
111206,10,87.58,84.03,13.55,39.6,4.68,4.08,6.9,5261,Tyre Pressure Issue,Medium
124833,11,93.03,95.28,11.94,33.22,12.7,1.77,9.67,24697,Service Overdue,Medium
61174,5,83.31,91.9,13.11,34.05,6.07,-0.38,8.2,28528,Service Overdue,Medium
6995,5,98.32,96.93,12.88,31.83,5.25,2.04,9.43,25878,Service Overdue,Medium
53591,11,101.62,103.76,13.32,31.93,9.73,3.05,5.51,27972,Service Overdue,Medium
51835,6,71.23,108.33,12.86,32.19,8.0,3.04,8.46,23124,Service Overdue,Medium
30595,8,91.5,89.72,12.24,31.57,7.17,1.9,5.75,10104,No Fault,Low
5496,8,96.75,98.44,11.91,34.8,7.28,2.65,6.54,17375,No Fault,Low
161290,6,108.28,98.58,12.26,34.79,5.45,2.11,11.09,13420,Engine Overheating,High
156606,13,85.86,103.89,13.2,33.4,6.31,2.26,8.51,19248,No Fault,Low
102780,9,99.36,105.19,12.1,32.15,4.92,3.2,9.67,8358,No Fault,Low
189156,3,89.48,105.09,11.76,35.24,5.4,2.7,8.65,12953,No Fault,Low
193328,2,85.04,88.2,12.84,33.71,7.61,1.95,6.58,14465,No Fault,Low
107391,9,94.28,88.51,12.33,32.77,7.32,3.42,8.19,11979,No Fault,Low
204330,12,100.81,102.16,13.56,32.41,8.91,2.39,9.35,27771,Service Overdue,Medium
198481,13,91.94,111.4,12.25,35.84,8.06,2.65,6.6,11482,No Fault,Low
117105,9,93.42,92.64,12.26,32.53,6.2,3.43,6.85,29733,Service Overdue,Medium
33900,3,106.46,113.32,12.28,31.08,6.69,3.01,7.89,16678,Engine Overheating,High
180948,12,78.77,84.66,12.34,29.25,11.18,3.32,7.48,7192,No Fault,Low
114071,1,89.26,88.35,12.03,35.19,5.64,2.3,6.72,23056,Service Overdue,Medium
90973,10,103.12,112.87,12.28,27.1,5.36,2.07,7.11,10679,Tyre Pressure Issue,Medium
33451,3,90.5,93.28,12.95,35.07,7.13,3.41,7.61,2843,No Fault,Low
201681,13,88.08,98.15,12.77,32.18,5.81,3.87,7.38,9419,No Fault,Low
7881,10,96.07,94.98,13.18,31.09,10.46,3.47,6.11,16355,No Fault,Low
111898,6,77.33,97.6,11.96,34.89,4.42,3.42,8.61,23785,Service Overdue,Medium
84364,14,86.35,109.82,11.88,33.54,5.72,2.54,8.3,22711,Service Overdue,Medium
141169,13,99.73,108.57,12.65,33.59,6.53,3.05,7.84,12260,No Fault,Low
187403,8,78.81,94.96,13.34,36.2,10.63,1.1,2.62,23096,Service Overdue,Medium
134198,14,88.08,93.5,12.09,39.49,8.03,2.0,7.4,18206,Tyre Pressure Issue,Medium
213502,12,103.32,91.46,12.25,31.99,4.68,2.51,7.89,9720,No Fault,Low
131204,13,73.98,98.36,12.26,36.91,4.8,1.88,5.24,20159,Service Overdue,Medium
20052,13,83.97,101.39,13.3,38.23,6.03,3.13,7.36,27840,Service Overdue,Medium
6894,10,85.69,108.73,12.56,32.01,6.0,1.83,6.0,7680,No Fault,Low
202865,11,88.18,97.38,11.9,29.7,7.24,3.91,7.16,11844,No Fault,Low
56455,14,79.15,91.27,12.99,30.19,6.31,4.2,5.91,23820,Service Overdue,Medium
37642,3,103.18,82.31,13.29,32.75,8.21,2.55,7.81,18535,No Fault,Low
141564,8,64.26,91.66,12.85,29.0,6.07,4.94,7.47,10244,Tyre Pressure Issue,Medium
38481,13,102.85,111.92,12.47,25.89,7.68,2.15,7.39,6036,Tyre Pressure Issue,Medium
34960,7,89.05,103.07,12.96,34.85,6.32,2.46,7.53,12721,No Fault,Low
22939,2,85.58,93.6,12.45,37.76,7.16,1.52,8.49,6932,No Fault,Low
31470,10,99.03,84.86,12.14,32.52,5.19,0.7,2.62,29241,Service Overdue,Medium
16929,13,101.56,93.2,12.73,32.41,4.89,4.29,8.05,22876,Service Overdue,Medium
164156,8,105.3,92.59,13.01,35.44,9.84,2.16,8.54,26034,Engine Overheating,High
52632,2,91.53,108.26,13.34,35.85,7.77,2.36,6.16,13970,No Fault,Low
143355,9,104.82,94.37,12.17,37.04,6.85,3.48,6.89,1591,No Fault,Low
11277,5,100.14,110.94,12.45,38.29,6.48,1.62,7.9,23080,Service Overdue,Medium
200804,4,99.22,110.85,11.44,41.07,4.93,1.54,5.63,11482,Tyre Pressure Issue,Medium
155033,13,92.01,99.92,11.9,32.66,8.3,2.95,7.49,22695,Service Overdue,Medium
182228,9,96.78,94.61,12.04,35.64,7.25,1.81,5.49,25879,Service Overdue,Medium
213574,5,85.2,102.67,12.4,37.27,11.73,1.06,7.16,18798,No Fault,Low
182700,5,75.0,98.17,12.23,36.14,8.03,1.8,6.74,17123,No Fault,Low
153063,10,73.58,87.94,12.22,33.17,6.32,1.83,7.7,11271,No Fault,Low
60255,12,89.48,79.04,12.42,33.65,3.84,1.91,8.4,14080,No Fault,Low
145988,12,82.91,101.23,13.31,35.98,9.17,2.85,6.47,16926,No Fault,Low
184340,9,93.77,98.82,12.62,32.82,8.31,1.7,9.14,6813,No Fault,Low
64894,14,98.26,103.64,11.05,31.84,5.15,1.25,7.18,7375,Battery Risk,High
28482,13,94.05,115.13,12.14,35.3,6.54,0.04,7.21,18059,Engine Overheating,High
28052,11,84.51,92.32,12.49,29.28,7.16,2.98,6.77,24527,Service Overdue,Medium
106799,5,82.0,97.11,12.04,28.67,4.78,1.53,8.66,4196,Tyre Pressure Issue,Medium
80088,5,93.43,93.75,12.9,33.19,4.79,0.78,7.32,4598,No Fault,Low
15564,13,74.24,81.0,12.28,30.51,6.17,2.53,9.69,19580,No Fault,Low
113007,9,89.68,109.34,12.54,28.11,7.92,3.55,7.38,27519,Tyre Pressure Issue,Medium
14107,5,78.36,104.82,12.65,35.58,5.86,2.31,4.54,10923,No Fault,Low
149854,13,98.94,86.16,13.3,31.99,8.88,2.48,6.26,28268,Service Overdue,Medium
180050,9,91.4,101.02,12.16,32.47,5.24,1.31,5.58,16954,No Fault,Low
28880,4,99.9,93.03,11.65,37.21,6.83,2.58,9.9,6806,No Fault,Low
22106,12,91.98,94.88,12.52,35.22,10.42,4.97,7.94,13674,No Fault,Low
59766,10,74.77,111.51,12.39,34.26,7.14,4.8,7.18,27490,Service Overdue,Medium
9791,9,88.88,84.69,11.99,28.57,8.76,2.66,7.86,11649,Tyre Pressure Issue,Medium
32676,14,91.58,95.11,11.73,29.43,8.43,2.08,8.56,15610,Battery Risk,High
78973,10,79.03,88.02,12.67,35.66,11.5,1.59,9.25,8391,No Fault,Low
92052,9,94.98,71.5,13.24,31.41,6.75,1.59,8.54,4466,No Fault,Low
101299,3,92.0,100.72,12.33,31.08,8.91,2.45,8.28,7849,No Fault,Low
38826,3,91.03,90.34,12.36,42.94,6.78,4.27,8.25,8254,Tyre Pressure Issue,Medium
116126,2,91.94,83.74,11.97,32.73,7.59,4.33,6.77,1910,No Fault,Low
34072,6,95.69,87.28,13.26,29.96,9.1,3.04,11.12,23185,Service Overdue,Medium
89263,1,111.53,99.37,12.45,35.43,12.06,1.51,5.82,1107,Engine Overheating,High
118828,13,85.96,95.22,13.25,34.45,6.41,1.88,8.85,10465,No Fault,Low
202167,5,97.36,99.69,12.62,33.2,8.07,3.45,9.09,27909,Service Overdue,Medium
24659,12,99.51,88.33,13.18,32.19,4.61,1.67,6.67,5295,No Fault,Low
32209,8,74.42,86.17,12.38,34.63,10.38,4.05,5.1,2665,No Fault,Low
20932,3,76.74,95.88,12.22,33.64,10.21,2.68,8.06,28819,Service Overdue,Medium
50028,6,96.67,99.88,11.8,32.24,9.87,1.81,9.85,5317,Battery Risk,High
186780,14,87.63,104.47,12.43,35.27,6.07,2.13,7.93,20336,Service Overdue,Medium
209688,5,91.73,107.1,12.42,32.37,5.0,3.77,7.01,23797,Service Overdue,Medium
184115,10,87.37,89.27,12.9,33.31,4.58,2.17,7.45,11857,No Fault,Low
23740,3,97.72,98.04,12.15,39.14,4.93,2.23,5.88,20548,Tyre Pressure Issue,Medium
184420,3,92.16,73.74,12.35,34.51,4.7,1.67,8.94,27637,Service Overdue,Medium
171020,9,88.56,81.99,12.19,36.89,9.6,3.46,4.81,18567,No Fault,Low
25719,3,100.67,101.38,11.74,31.76,7.84,0.68,5.52,28452,Service Overdue,Medium
158797,8,85.39,82.48,13.2,32.06,8.38,2.52,7.51,17756,No Fault,Low
138021,5,87.27,95.97,12.1,32.71,8.18,2.73,7.69,7929,No Fault,Low
19456,5,92.33,87.83,11.82,33.97,6.77,3.3,6.21,19013,No Fault,Low
26446,11,93.88,98.0,12.53,31.85,10.42,4.44,8.78,7998,No Fault,Low
15129,3,84.5,102.36,11.81,34.61,7.82,2.07,7.64,11795,No Fault,Low
23361,8,98.79,104.46,12.94,32.11,6.4,3.27,6.71,9798,No Fault,Low
161215,12,98.28,77.22,12.76,33.3,8.41,3.28,9.91,12805,No Fault,Low
48147,9,102.83,92.7,11.84,33.25,7.46,2.57,8.0,23540,Service Overdue,Medium
47923,9,92.86,90.69,12.23,34.95,10.24,4.13,7.42,21323,Service Overdue,Medium
11021,6,94.02,111.05,13.01,29.29,5.14,0.21,6.33,26058,Service Overdue,Medium
8093,7,98.13,90.86,12.63,29.43,8.6,1.94,7.52,3340,No Fault,Low
43057,6,91.26,98.28,12.93,32.65,8.35,-0.29,9.15,11489,No Fault,Low
217376,9,99.87,112.29,12.64,38.83,3.89,3.17,7.3,6608,No Fault,Low
50667,12,85.69,103.75,13.07,37.53,5.46,3.79,9.59,29682,Service Overdue,Medium
119462,12,84.53,109.81,11.64,35.6,5.81,1.39,4.69,28467,Battery Risk,High
195388,5,90.28,89.63,13.02,32.22,7.16,3.33,8.17,21037,Service Overdue,Medium
126327,1,82.9,91.72,12.56,32.61,6.85,3.28,8.46,13269,No Fault,Low
125730,6,93.98,96.03,12.25,35.9,6.22,0.57,7.28,1730,No Fault,Low
5056,2,84.17,96.63,13.06,31.15,9.12,2.07,10.13,4535,No Fault,Low
154749,1,89.08,104.39,13.11,28.49,3.57,4.29,6.14,25373,Tyre Pressure Issue,Medium
51105,5,96.64,95.91,13.07,34.21,5.88,2.56,8.59,9272,No Fault,Low
193255,6,77.81,84.86,12.92,35.88,7.23,3.1,8.65,20023,Service Overdue,Medium
207767,8,78.78,92.61,12.15,34.02,6.06,4.03,4.06,17326,No Fault,Low
15529,12,94.42,102.87,12.87,32.19,4.8,0.47,6.96,18088,No Fault,Low
69814,10,98.02,109.05,12.57,35.22,6.77,2.06,8.96,22972,Service Overdue,Medium
158560,4,94.12,90.16,12.28,33.49,8.21,3.87,8.04,15434,No Fault,Low
182318,10,87.8,84.03,12.26,25.56,8.81,1.46,6.57,22103,Tyre Pressure Issue,Medium
105672,11,97.73,119.26,12.11,40.26,6.15,2.27,8.8,5300,Engine Overheating,High
8338,10,105.69,102.68,13.36,35.07,4.73,3.32,9.5,19102,Engine Overheating,High
112761,13,95.13,100.46,12.31,41.14,8.68,1.38,10.28,2469,Tyre Pressure Issue,Medium
194668,13,95.75,100.5,12.64,30.6,7.97,3.6,9.11,22038,Service Overdue,Medium
136332,9,81.59,84.61,13.24,34.74,8.45,1.87,9.43,23203,Service Overdue,Medium
128746,13,94.21,77.38,11.96,32.91,6.13,0.85,9.56,29068,Service Overdue,Medium
211553,3,105.18,91.05,12.19,32.6,10.97,2.38,9.4,5030,Engine Overheating,High
94779,10,95.49,99.01,12.52,32.75,7.17,2.72,8.45,22446,Service Overdue,Medium
81579,14,92.8,95.35,12.94,30.57,6.35,2.94,7.81,16074,No Fault,Low
51539,6,90.82,88.43,12.84,34.24,7.37,1.67,4.92,4765,No Fault,Low
192306,12,93.89,67.52,12.95,32.38,6.31,2.73,6.95,8830,No Fault,Low
42570,10,88.33,98.94,11.65,37.48,6.54,1.49,5.79,16853,Battery Risk,High
134681,12,92.34,88.98,12.0,37.79,7.26,4.07,6.44,25686,Service Overdue,Medium
78339,13,86.28,106.21,12.07,32.46,6.09,2.84,8.18,19690,No Fault,Low
200337,8,67.64,84.5,11.91,32.65,5.49,2.72,4.58,3430,No Fault,Low
54997,5,81.32,103.69,13.05,34.16,7.85,3.51,6.46,24806,Service Overdue,Medium
24171,2,110.64,124.43,12.76,41.11,9.79,2.74,7.95,1303,Engine Overheating,High
206675,4,85.48,82.65,12.38,38.77,6.49,3.44,6.23,14919,No Fault,Low
52498,1,81.73,103.63,11.37,38.35,4.46,1.62,8.52,4925,No Fault,Low
144535,2,91.83,97.74,12.23,35.08,6.45,3.2,8.66,11074,No Fault,Low
200868,9,90.13,109.02,11.99,35.0,4.59,1.46,9.45,11807,No Fault,Low
15204,11,95.71,101.09,12.69,35.19,8.86,2.9,7.03,9062,No Fault,Low
33214,1,85.63,105.47,11.88,41.84,7.8,3.07,6.34,29457,Tyre Pressure Issue,Medium
14114,7,89.64,107.07,12.09,31.36,13.55,3.04,8.35,29767,Service Overdue,Medium
21347,7,96.76,103.16,11.87,36.95,6.53,3.17,4.93,8878,No Fault,Low
98145,7,89.79,77.94,12.72,34.21,5.46,3.93,6.16,9367,No Fault,Low
202330,10,67.75,98.77,12.22,33.21,6.76,1.71,7.78,1309,No Fault,Low
70464,4,88.39,97.94,12.01,33.83,3.97,3.13,10.15,28959,Service Overdue,Medium
52046,2,114.34,77.19,13.15,36.33,6.03,3.74,7.12,20153,Engine Overheating,High
181571,7,102.84,82.79,13.27,36.01,6.51,2.26,4.17,22182,Service Overdue,Medium
126677,7,85.21,107.6,13.42,34.82,7.41,2.01,4.93,27555,Service Overdue,Medium
164996,12,99.8,100.2,12.51,32.26,3.04,0.58,5.0,9221,Brake Wear,High
36346,13,89.66,95.27,12.85,32.38,2.67,3.2,8.02,4574,Brake Wear,High
182381,11,89.12,101.23,12.81,29.46,7.05,0.22,7.31,15341,No Fault,Low
90211,11,89.02,113.67,13.2,40.84,5.61,2.54,8.06,16213,Tyre Pressure Issue,Medium
13078,7,86.75,96.31,12.85,32.35,5.59,1.73,5.48,10717,No Fault,Low
186693,4,98.83,104.85,11.61,34.53,7.9,2.43,6.31,4275,No Fault,Low
210355,12,88.3,84.37,12.18,32.31,10.27,3.5,6.46,5316,No Fault,Low
118618,4,93.32,82.14,11.75,27.85,6.24,2.47,6.72,13071,Tyre Pressure Issue,Medium
193946,1,103.12,108.16,13.36,34.14,9.37,2.81,7.81,3708,No Fault,Low
174821,14,88.26,106.83,12.3,28.09,6.78,3.15,5.98,16861,Tyre Pressure Issue,Medium
84509,10,99.78,103.73,12.58,28.84,6.28,1.28,9.26,21553,Tyre Pressure Issue,Medium
110025,8,87.33,102.39,11.95,31.63,7.95,2.54,8.84,3940,No Fault,Low
92329,7,101.51,101.67,12.39,38.09,8.33,1.68,5.94,16131,No Fault,Low
90366,11,98.54,84.62,12.91,29.07,5.86,3.34,7.41,23500,Service Overdue,Medium
132874,3,89.43,108.37,11.84,37.1,6.53,2.93,9.4,2954,No Fault,Low
54431,8,95.44,74.69,12.41,33.04,5.09,3.6,8.5,18776,No Fault,Low
203684,7,94.76,75.35,12.71,34.05,10.8,2.3,7.19,28387,Service Overdue,Medium
162990,10,97.46,93.54,12.54,36.98,6.46,3.7,4.98,21976,Service Overdue,Medium
158805,10,99.72,102.04,13.33,32.75,4.8,2.14,9.65,8854,No Fault,Low
113957,11,77.37,74.32,12.44,32.67,7.02,3.45,6.67,9204,No Fault,Low
42890,10,73.07,84.8,12.12,33.04,4.44,3.63,6.43,20122,Service Overdue,Medium
201135,4,97.19,97.2,13.24,35.71,8.26,3.2,6.11,24946,Service Overdue,Medium
167812,14,75.59,88.18,11.73,34.7,6.16,3.13,7.34,14156,Battery Risk,High
157581,5,79.63,92.08,12.48,37.67,8.08,2.56,5.84,18156,No Fault,Low
62287,14,88.25,85.32,13.45,38.57,6.75,1.42,8.59,25509,Service Overdue,Medium
92780,6,88.08,111.45,12.14,41.09,7.39,3.88,6.69,14861,Tyre Pressure Issue,Medium
82123,12,95.56,103.51,12.85,30.66,5.69,3.49,6.36,22730,Service Overdue,Medium
157185,12,89.6,97.65,12.42,33.28,6.71,2.7,6.6,24476,Service Overdue,Medium
145488,11,96.62,82.71,12.67,32.02,4.97,1.99,9.54,27014,Service Overdue,Medium
209071,14,89.08,79.54,13.06,38.73,5.27,2.57,8.57,24443,Service Overdue,Medium
151851,5,92.09,80.19,12.23,34.04,7.21,0.77,8.63,25312,Service Overdue,Medium
211084,3,93.04,91.53,12.26,35.93,10.77,3.18,8.74,24785,Service Overdue,Medium
8212,4,90.48,95.65,12.28,32.56,7.65,2.96,7.5,28497,Service Overdue,Medium
170091,13,88.59,103.06,12.97,33.91,4.16,2.38,9.69,10387,No Fault,Low
81815,1,84.18,112.38,12.81,31.27,7.69,2.8,6.54,11048,No Fault,Low
94460,1,94.78,97.15,12.04,34.19,8.83,3.22,8.25,8758,No Fault,Low
130076,14,75.23,92.87,12.24,30.69,8.81,0.47,8.75,8716,No Fault,Low
166287,7,102.63,96.44,11.48,31.5,5.64,1.7,7.79,6400,Battery Risk,High
175715,10,97.8,103.62,13.03,34.87,8.01,2.57,8.56,11380,No Fault,Low
208225,4,84.53,97.14,11.75,32.1,5.8,3.28,8.49,22580,Service Overdue,Medium
211777,13,99.48,100.08,11.89,32.9,8.64,2.61,9.13,19741,No Fault,Low
125179,14,89.27,85.0,13.5,28.96,6.0,2.78,8.98,4324,Tyre Pressure Issue,Medium
177472,10,95.5,80.27,13.08,37.2,5.57,3.55,7.99,19129,No Fault,Low
43038,12,92.37,88.49,12.24,40.01,6.38,2.86,8.31,10552,Tyre Pressure Issue,Medium
21267,13,83.48,92.88,12.37,36.59,8.49,2.62,4.27,24401,Service Overdue,Medium
12771,8,95.56,107.74,12.0,36.29,9.35,2.98,5.33,15256,No Fault,Low
159522,6,102.72,87.24,11.8,35.11,4.9,1.24,9.34,19446,No Fault,Low
55406,9,94.0,81.8,12.28,37.86,6.89,2.64,8.21,5035,No Fault,Low
118431,4,86.33,114.16,12.46,35.55,6.78,0.98,5.72,26702,Service Overdue,Medium
25600,3,101.43,91.68,11.4,33.44,7.32,2.37,8.36,1871,No Fault,Low
214190,7,86.03,100.65,12.49,34.91,6.62,2.96,7.25,14871,No Fault,Low
133568,11,96.51,102.73,13.2,32.46,6.98,1.28,10.24,26143,Service Overdue,Medium
66477,5,89.8,90.43,12.06,35.4,9.62,3.67,5.62,11346,No Fault,Low
161228,1,102.31,99.92,12.58,34.68,7.02,1.93,10.91,13589,No Fault,Low
78927,13,99.28,94.1,12.75,26.51,1.6,1.32,7.72,25464,Brake Wear,High
178912,2,104.26,95.89,12.15,32.35,6.16,3.81,9.17,15604,No Fault,Low
219035,2,89.98,88.6,12.43,30.74,9.2,4.37,8.09,4407,No Fault,Low
32032,12,90.14,94.59,13.48,34.27,6.24,1.87,9.96,9050,No Fault,Low
33605,1,81.31,105.71,12.31,27.49,3.85,1.94,5.89,18105,Tyre Pressure Issue,Medium
212382,2,84.67,69.23,12.24,33.73,4.05,3.03,4.44,14986,No Fault,Low
168394,2,87.82,87.67,11.94,33.95,5.4,2.72,8.19,12063,No Fault,Low
70898,13,89.64,97.02,12.29,29.9,6.4,2.36,6.08,2507,No Fault,Low
27787,9,94.62,86.65,13.23,40.23,6.93,2.0,7.24,28484,Tyre Pressure Issue,Medium
216731,14,97.72,96.41,12.47,30.04,6.84,1.68,2.39,11967,No Fault,Low
218063,12,80.47,90.59,12.56,33.38,7.4,3.73,6.72,17943,No Fault,Low
45725,11,110.72,95.45,12.34,30.34,2.73,2.39,9.1,24295,Brake Wear,High
118394,9,79.0,95.83,12.19,38.51,9.82,3.29,7.01,21843,Service Overdue,Medium
74392,7,107.88,91.84,12.77,33.89,6.52,4.5,7.83,19419,Engine Overheating,High
147127,5,93.42,98.49,12.04,35.9,7.25,0.92,6.7,24913,Service Overdue,Medium
160759,5,84.84,108.25,12.82,36.45,0.15,2.94,8.79,16622,Brake Wear,High
64201,14,92.84,96.51,11.65,36.99,5.24,2.59,9.25,21471,Battery Risk,High
96820,8,99.41,95.34,12.22,36.84,8.35,1.88,6.31,11419,No Fault,Low
189020,5,106.13,105.66,12.64,33.85,6.52,1.85,7.08,22894,Engine Overheating,High
79155,10,91.62,93.73,11.66,30.57,5.22,3.16,7.28,3433,Battery Risk,High
212606,8,86.45,86.31,12.47,28.21,7.78,2.7,9.18,19394,Tyre Pressure Issue,Medium
98993,3,88.0,94.62,12.81,37.32,7.83,1.54,4.6,14305,No Fault,Low
58817,7,84.89,93.4,11.89,35.02,6.54,2.51,9.21,9756,No Fault,Low
182398,4,82.56,83.08,12.48,36.53,5.24,1.88,8.79,18693,No Fault,Low
173769,13,95.75,97.57,12.54,33.46,7.2,2.29,4.78,28755,Service Overdue,Medium
67708,1,113.04,97.3,11.73,32.52,4.04,2.45,5.13,27260,Engine Overheating,High
122213,12,85.38,96.61,11.96,35.54,5.62,3.29,4.78,16005,No Fault,Low
178341,6,83.96,107.66,12.31,43.63,5.38,1.85,6.15,6069,Tyre Pressure Issue,Medium
24623,9,85.97,93.86,12.13,37.79,7.53,1.72,6.79,6413,No Fault,Low
147735,12,100.97,81.92,12.51,34.76,4.97,1.99,7.73,25451,Service Overdue,Medium
25875,2,97.46,104.47,12.7,32.77,6.86,2.59,7.66,6521,No Fault,Low
81948,8,99.99,85.02,11.57,39.66,4.71,1.0,9.93,24792,Battery Risk,High
73513,11,88.22,87.89,13.27,38.27,7.81,2.03,6.48,3291,No Fault,Low
149195,8,97.93,97.38,11.72,30.78,6.27,3.04,10.71,8526,Battery Risk,High
200109,3,78.78,104.67,12.67,35.35,8.84,2.02,6.85,2185,No Fault,Low
133909,8,109.49,95.06,11.48,27.87,5.84,3.56,8.68,11335,Battery Risk,High
88205,2,88.2,88.0,12.73,29.72,8.27,2.14,5.69,10709,No Fault,Low
84180,6,84.08,93.5,12.38,36.15,13.8,2.96,7.54,4238,No Fault,Low
48175,6,94.67,96.48,12.36,32.12,9.14,2.89,5.95,6429,No Fault,Low
53634,10,97.19,93.11,12.36,27.35,6.61,3.34,5.9,11230,Tyre Pressure Issue,Medium
170546,5,80.19,105.58,12.13,32.83,4.75,2.88,11.19,21758,Service Overdue,Medium
137154,14,98.25,86.36,12.97,33.05,9.75,3.31,3.09,16055,No Fault,Low
23615,7,88.33,99.25,12.9,36.13,4.56,1.34,9.16,28308,Service Overdue,Medium
22177,12,93.41,114.74,12.59,33.44,9.07,3.95,6.78,17258,No Fault,Low
108613,12,97.56,99.05,12.44,32.35,6.39,3.56,8.96,8188,No Fault,Low
28696,9,86.81,96.31,11.97,31.11,6.9,3.95,8.53,23995,Service Overdue,Medium
110160,1,101.1,82.15,12.35,41.09,5.96,1.23,4.85,16958,Tyre Pressure Issue,Medium
57442,11,111.23,95.66,13.23,33.52,6.51,2.56,7.31,12656,Engine Overheating,High
189085,2,87.78,74.41,12.11,32.04,6.24,0.8,8.89,7227,No Fault,Low
58790,1,95.18,103.38,12.27,30.28,6.83,1.41,6.44,8150,No Fault,Low
6766,14,96.67,107.84,11.65,32.33,7.86,3.27,10.79,8425,Battery Risk,High
17857,4,99.65,80.87,12.56,33.56,7.8,3.05,7.16,21522,Service Overdue,Medium
23300,14,97.95,98.16,12.49,33.69,9.59,2.91,5.52,15707,No Fault,Low
22215,2,88.22,90.37,11.87,36.48,3.98,3.49,8.18,10941,No Fault,Low
